{"stats":{"minecraft:dropped":{"minecraft:nether_brick_stairs":1,"minecraft:cooked_beef":1,"minecraft:oak_log":19,"minecraft:crafting_table":1,"minecraft:cooked_porkchop":5,"born_in_chaos_v1:sea_terror_stomach":1,"minecraft:cracked_polished_blackstone_bricks":1,"minecraft:dirt":5,"minecraft:writable_book":3,"minecraft:chain":1,"gravestone:obituary":34,"minecraft:wooden_sword":5,"born_in_chaos_v1:trident_hayfork":1,"minecraft:iron_pickaxe":1,"minecraft:birch_log":16,"minecraft:cauldron":1,"minecraft:stone_axe":1,"minecraft:sugar_cane":9,"minecraft:cobbled_deepslate":1,"alexsmobs:animal_dictionary":1,"minecraft:golden_chestplate":1,"minecraft:birch_sapling":1,"minecraft:rotten_flesh":2,"minecraft:cooked_mutton":5,"minecraft:carrot":1,"minecraft:tipped_arrow":1,"minecraft:gunpowder":1,"born_in_chaos_v1:corpse_maggot":2,"minecraft:ladder":2,"minecraft:iron_bars":10,"minecraft:arrow":8,"born_in_chaos_v1:intoxicating_decoction":2,"minecraft:wheat_seeds":11,"minecraft:cobblestone":2,"minecraft:feather":4,"minecraft:tropical_fish":1,"minecraft:stick":3,"minecraft:deepslate_brick_stairs":1,"born_in_chaos_v1:river_mint":5,"minecraft:diorite":2,"minecraft:golden_carrot":9,"minecraft:torch":1,"minecraft:wooden_axe":2,"minecraft:potion":1,"minecraft:string":1,"alexsmobs:maggot":1,"minecraft:stone_sword":2,"minecraft:stone_shovel":1,"minecraft:chicken":3,"minecraft:iron_boots":1,"minecraft:nether_bricks":1,"minecraft:shield":1,"minecraft:iron_chestplate":1,"born_in_chaos_v1:spiny_shell":1,"minecraft:fire_coral":1,"minecraft:oak_sapling":4,"minecraft:stone_pickaxe":1,"minecraft:wooden_pickaxe":1,"minecraft:brick":3},"minecraft:killed":{"born_in_chaos_v1:restless_spirit":1,"born_in_chaos_v1:zombie_lumberjack":3,"born_in_chaos_v1:skeleton_demoman":2,"minecraft:spider":6,"born_in_chaos_v1:siamese_skeletonsright":4,"born_in_chaos_v1:baby_skeleton_minion":4,"minecraft:skeleton":15,"graveyard:acolyte":1,"minecraft:chicken":2,"minecraft:silverfish":1,"minecraft:skeleton_horse":1,"born_in_chaos_v1:bonescaller":1,"minecraft:pig":3,"born_in_chaos_v1:diamond_termite":2,"minecraft:zombie_villager":1,"born_in_chaos_v1:glutton_fish":1,"alexsmobs:seal":1,"minecraft:creeper":1,"minecraft:sheep":6,"born_in_chaos_v1:zombie_fisherman":1,"minecraft:zombie":29,"born_in_chaos_v1:dread_hound":4,"born_in_chaos_v1:corpse_fly":4,"minecraft:stray":2,"alexsmobs:roadrunner":1,"alexsmobs:fly":1,"born_in_chaos_v1:door_knight":2,"born_in_chaos_v1:siamese_skeletonsleft":4,"minecraft:cow":3,"alexsmobs:seagull":3,"minecraft:slime":3,"born_in_chaos_v1:thornshell_crab":1,"born_in_chaos_v1:zombie_bruiser":1,"born_in_chaos_v1:maggot":12,"alexsmobs:bison":1,"born_in_chaos_v1:corpse_fish":7,"born_in_chaos_v1:barrel_zombie":2,"born_in_chaos_v1:baby_skeleton":1,"minecraft:frog":1,"born_in_chaos_v1:decrepit_skeleton":9,"alexsmobs:cockroach":1,"born_in_chaos_v1:dark_vortex":3,"minecraft:wither_skeleton":1},"minecraft:killed_by":{"born_in_chaos_v1:nightmare_stalker":1,"minecraft:pillager":1,"graveyard:acolyte":1,"born_in_chaos_v1:phantom_creeper_copy":1,"minecraft:vex":1,"minecraft:player":6,"minecraft:spider":3,"born_in_chaos_v1:bonescaller":1,"apollyon:the_damned":1,"minecraft:skeleton":2},"minecraft:mined":{"minecraft:white_bed":4,"minecraft:brewing_stand":1,"minecraft:granite":4,"minecraft:grass_block":387,"minecraft:cracked_polished_blackstone_bricks":1,"minecraft:spawner":23,"minecraft:iron_ore":3,"minecraft:pumpkin":15,"minecraft:deepslate_lapis_ore":4,"minecraft:nether_brick_stairs":4,"minecraft:flowering_azalea_leaves":1,"minecraft:iron_bars":10,"minecraft:brown_mushroom":4,"minecraft:quartz_block":7,"born_in_chaos_v1:infected_deepslate_diamond_ore":1,"minecraft:cobblestone":2,"minecraft:slime_block":2,"minecraft:oak_planks":8,"minecraft:sugar_cane":3,"minecraft:skeleton_skull":1,"minecraft:chain":1,"graveyard:oak_coffin":1,"minecraft:birch_log":46,"born_in_chaos_v1:fired_black_argillite":1,"minecraft:jukebox":1,"born_in_chaos_v1:river_mint":6,"minecraft:tnt":1,"minecraft:stone_brick_stairs":2,"minecraft:grass":53,"minecraft:oak_log":37,"minecraft:dirt":193,"born_in_chaos_v1:infernal_evil_pumpkin_s":1,"minecraft:oak_leaves":13,"minecraft:deepslate":205,"minecraft:infested_deepslate":1,"minecraft:tuff":2,"minecraft:deepslate_diamond_ore":8,"minecraft:oak_door":1,"gravestone:gravestone":19,"minecraft:nether_bricks":1,"born_in_chaos_v1:black_argillite":2,"minecraft:carrots":19,"minecraft:andesite":1,"minecraft:mossy_stone_brick_stairs":2,"minecraft:bookshelf":11,"minecraft:deepslate_iron_ore":9,"minecraft:vine":2,"minecraft:bamboo":3,"minecraft:stone":197,"minecraft:redstone_block":4,"minecraft:crafting_table":3,"minecraft:emerald_ore":2,"minecraft:campfire":4,"minecraft:lectern":1,"graveyard:tg_grass_block":2,"minecraft:deepslate_gold_ore":1,"minecraft:diorite":2,"graveyard:mossy_cobblestone_gravestone":1,"minecraft:birch_planks":5,"minecraft:torchflower":1,"minecraft:birch_leaves":3,"minecraft:coal_ore":12,"minecraft:pitcher_crop":3,"minecraft:gravel":193,"minecraft:gray_carpet":1,"minecraft:cobweb":1,"minecraft:cracked_stone_bricks":1,"minecraft:polished_andesite":1},"minecraft:custom":{"minecraft:interact_with_crafting_table":61,"minecraft:open_barrel":14,"minecraft:leave_game":8,"minecraft:time_since_death":141793,"minecraft:sprint_one_cm":1092421,"minecraft:damage_blocked_by_shield":1052,"minecraft:drop":132,"minecraft:talked_to_villager":4,"minecraft:play_time":368981,"minecraft:deaths":20,"minecraft:jump":8265,"minecraft:interact_with_brewingstand":1,"minecraft:walk_on_water_one_cm":27132,"minecraft:interact_with_furnace":78,"minecraft:play_record":1,"minecraft:sleep_in_bed":18,"minecraft:damage_dealt":27274,"minecraft:player_kills":5,"minecraft:crouch_one_cm":13670,"minecraft:horse_one_cm":5813,"minecraft:mob_kills":154,"minecraft:interact_with_campfire":1,"minecraft:damage_dealt_resisted":8347,"minecraft:climb_one_cm":17682,"minecraft:walk_one_cm":870493,"minecraft:sneak_time":5636,"minecraft:walk_under_water_one_cm":19214,"minecraft:boat_one_cm":244848,"minecraft:interact_with_lectern":3,"minecraft:total_world_time":368981,"minecraft:interact_with_stonecutter":1,"minecraft:time_since_rest":42267,"minecraft:damage_taken":11151,"minecraft:damage_absorbed":241,"minecraft:swim_one_cm":54806,"minecraft:fly_one_cm":1941515,"minecraft:open_chest":167,"minecraft:fall_one_cm":261723},"minecraft:used":{"minecraft:oak_sign":1,"minecraft:chest":6,"minecraft:shield":13,"minecraft:rotten_flesh":4,"born_in_chaos_v1:anluka_doors":1,"securitycraft:keypad_item":3,"minecraft:carrot":23,"minecraft:tuff":2,"born_in_chaos_v1:corpse_maggot":2,"minecraft:lava_bucket":1,"minecraft:birch_sapling":1,"minecraft:quartz_block":3,"minecraft:iron_helmet":1,"minecraft:birch_button":2,"graveyard:mossy_cobblestone_gravestone":1,"minecraft:furnace":5,"minecraft:oak_sapling":2,"minecraft:stone_pickaxe":135,"minecraft:gray_carpet":1,"minecraft:mangrove_planks":8,"minecraft:oak_planks":65,"minecraft:ender_pearl":3,"minecraft:wooden_pickaxe":7,"minecraft:golden_apple":7,"minecraft:lever":1,"minecraft:bread":4,"minecraft:iron_door":1,"minecraft:gravel":1,"minecraft:diamond_sword":557,"born_in_chaos_v1:mesh_door":1,"minecraft:wooden_sword":64,"born_in_chaos_v1:river_mint":1,"minecraft:andesite":1,"minecraft:oak_boat":5,"minecraft:bone_meal":42,"minecraft:iron_bars":1,"minecraft:stone_sword":35,"minecraft:acacia_log":1,"graveyard:oak_coffin":1,"minecraft:torch":28,"minecraft:dirt":7,"minecraft:granite":4,"minecraft:wooden_axe":73,"minecraft:iron_axe":44,"minecraft:bamboo":40,"minecraft:golden_carrot":35,"minecraft:cooked_beef":20,"minecraft:cobbled_deepslate":12,"minecraft:cooked_mutton":7,"minecraft:birch_planks":138,"minecraft:polished_andesite":1,"minecraft:baked_potato":4,"minecraft:tnt":2,"minecraft:crafting_table":12,"minecraft:white_bed":9,"minecraft:fire_coral":1,"minecraft:apple":3,"minecraft:diamond_shovel":753,"minecraft:iron_pickaxe":384,"minecraft:cobblestone":42,"minecraft:cooked_porkchop":14,"minecraft:bucket":5,"minecraft:jukebox":1},"minecraft:crafted":{"minecraft:oak_planks":140,"minecraft:stone":24,"securitycraft:keypad_item":3,"minecraft:lever":1,"minecraft:diamond_shovel":1,"minecraft:heavy_weighted_pressure_plate":3,"minecraft:cooked_mutton":10,"securitycraft:laser_block":1,"minecraft:glass":24,"minecraft:iron_boots":1,"minecraft:chest":6,"minecraft:iron_door":3,"minecraft:birch_button":2,"minecraft:deepslate":20,"minecraft:cooked_porkchop":15,"minecraft:crafting_table":9,"minecraft:wooden_pickaxe":1,"minecraft:iron_helmet":1,"minecraft:birch_planks":188,"minecraft:iron_chestplate":1,"minecraft:stick":40,"minecraft:iron_ingot":12,"minecraft:iron_pickaxe":3,"minecraft:stone_sword":1,"minecraft:gold_ingot":3,"securitycraft:universal_block_reinforcer_lvl1":1,"minecraft:golden_carrot":78,"minecraft:wooden_sword":3,"minecraft:oak_door":3,"minecraft:jukebox":1,"minecraft:furnace":5,"minecraft:stone_button":24,"minecraft:bone_meal":42,"minecraft:iron_axe":1,"minecraft:stone_pickaxe":2,"sophisticatedbackpacks:iron_backpack":3,"minecraft:cooked_beef":10,"minecraft:diamond_sword":1,"minecraft:mangrove_planks":8,"minecraft:bucket":3,"minecraft:air":0,"minecraft:oak_boat":1,"minecraft:golden_apple":3,"minecraft:gold_nugget":657,"minecraft:wooden_axe":2,"minecraft:iron_leggings":1,"minecraft:white_bed":3},"minecraft:picked_up":{"minecraft:iron_chestplate":1,"minecraft:redstone_block":4,"minecraft:diamond_sword":1,"minecraft:enchanted_book":3,"minecraft:brewing_stand":1,"born_in_chaos_v1:black_argillite":2,"minecraft:polished_deepslate":1,"minecraft:music_disc_cat":1,"minecraft:string":7,"born_in_chaos_v1:mesh_door":1,"minecraft:iron_leggings":1,"minecraft:oak_sign":1,"minecraft:cobbled_deepslate":206,"minecraft:iron_pickaxe":3,"minecraft:mangrove_log":2,"minecraft:iron_boots":2,"minecraft:tipped_arrow":1,"minecraft:stick":3,"born_in_chaos_v1:shattered_skull":1,"minecraft:jukebox":1,"born_in_chaos_v1:phantom_powder":3,"minecraft:torch":12,"minecraft:acacia_log":1,"minecraft:porkchop":5,"minecraft:diorite":4,"minecraft:golden_chestplate":1,"minecraft:quartz_block":3,"minecraft:rotten_flesh":53,"minecraft:tropical_fish":1,"born_in_chaos_v1:sea_terror_eye":4,"minecraft:deepslate_brick_stairs":1,"minecraft:iron_bars":11,"minecraft:cobblestone":242,"minecraft:nautilus_shell":1,"minecraft:birch_log":47,"minecraft:feather":6,"minecraft:cooked_beef":1,"minecraft:andesite":1,"minecraft:golden_leggings":1,"securitycraft:reinforced_deepslate":18,"alexsmobs:bison_fur":2,"minecraft:potato":1,"minecraft:flint":23,"minecraft:tuff":2,"born_in_chaos_v1:anluka_doors":1,"minecraft:lapis_lazuli":23,"minecraft:dirt":605,"minecraft:name_tag":1,"born_in_chaos_v1:monster_skin":2,"securitycraft:reinforced_stone_button":24,"minecraft:bone":51,"minecraft:bow":2,"minecraft:wheat_seeds":12,"minecraft:raw_gold":2,"minecraft:bamboo":40,"minecraft:oak_planks":30,"minecraft:mossy_stone_brick_stairs":1,"minecraft:cooked_porkchop":4,"graveyard:mossy_cobblestone_gravestone":1,"minecraft:nether_brick_stairs":6,"graveyard:oak_coffin":1,"minecraft:polished_andesite":1,"minecraft:diamond":8,"minecraft:slime_block":2,"minecraft:cracked_polished_blackstone_bricks":2,"minecraft:granite":4,"minecraft:bone_meal":11,"minecraft:golden_apple":9,"minecraft:emerald":2,"minecraft:golden_horse_armor":1,"alexsmobs:maggot":1,"minecraft:oak_sapling":6,"born_in_chaos_v1:rotten_fish":23,"born_in_chaos_v1:sea_terror_stomach":1,"minecraft:charcoal":8,"born_in_chaos_v1:diamond_termite_shard":1,"minecraft:crafting_table":4,"minecraft:ladder":3,"minecraft:chicken":2,"born_in_chaos_v1:river_mint":6,"born_in_chaos_v1:seedof_chaos":1,"minecraft:brown_mushroom":4,"minecraft:chain":1,"gravestone:obituary":13,"minecraft:shield":1,"minecraft:brick":3,"minecraft:fire_coral":2,"minecraft:wooden_sword":2,"born_in_chaos_v1:intoxicating_decoction":1,"minecraft:glass_pane":7,"graveyard:corruption":4,"minecraft:cracked_stone_bricks":1,"minecraft:beef":13,"minecraft:oak_boat":5,"born_in_chaos_v1:gnawed_bones":1,"minecraft:lectern":1,"minecraft:sugar_cane":9,"minecraft:birch_sapling":2,"minecraft:raw_iron":13,"minecraft:oak_door":1,"sophisticatedbackpacks:backpack":4,"born_in_chaos_v1:pieceofdarkmetal":1,"minecraft:carrot":148,"minecraft:prismarine_crystals":3,"minecraft:tnt":3,"minecraft:arrow":19,"minecraft:nether_bricks":3,"born_in_chaos_v1:spiny_shell":4,"minecraft:gold_ingot":26,"born_in_chaos_v1:trident_hayfork":1,"minecraft:mutton":14,"minecraft:white_wool":9,"minecraft:skeleton_skull":2,"minecraft:bone_block":1,"born_in_chaos_v1:fused_bone":10,"born_in_chaos_v1:corpse_maggot":11,"minecraft:golden_carrot":11,"born_in_chaos_v1:monster_flesh":4,"minecraft:leather":3,"minecraft:birch_planks":41,"minecraft:torchflower":1,"minecraft:oak_log":39,"minecraft:lily_pad":34,"minecraft:golden_boots":2,"minecraft:nether_wart_block":2,"minecraft:gunpowder":36,"minecraft:cooked_mutton":2,"minecraft:apple":7,"minecraft:gray_carpet":1,"minecraft:iron_ingot":5,"minecraft:cobweb":4,"minecraft:book":33,"minecraft:pumpkin":15,"minecraft:pitcher_plant":3,"born_in_chaos_v1:ethereal_spirit":4,"minecraft:gravel":170,"born_in_chaos_v1:dark_rod":6,"minecraft:white_bed":6,"minecraft:slime_ball":2,"minecraft:iron_helmet":2,"minecraft:coal":33},"minecraft:broken":{"minecraft:iron_boots":1,"minecraft:wooden_axe":1,"minecraft:iron_pickaxe":1,"minecraft:iron_helmet":2}},"DataVersion":3465}