{"stats":{"minecraft:dropped":{"minecraft:nether_brick_stairs":1,"born_in_chaos_v1:intoxicating_decoction":2,"minecraft:wheat_seeds":9,"minecraft:oak_log":19,"minecraft:cooked_porkchop":5,"minecraft:feather":4,"minecraft:cobblestone":2,"minecraft:stick":1,"minecraft:dirt":5,"minecraft:diorite":2,"born_in_chaos_v1:river_mint":5,"minecraft:golden_carrot":4,"minecraft:wooden_axe":1,"minecraft:chain":1,"gravestone:obituary":24,"minecraft:writable_book":3,"minecraft:wooden_sword":5,"minecraft:birch_log":16,"minecraft:cauldron":1,"minecraft:stone_axe":1,"minecraft:cobbled_deepslate":1,"minecraft:sugar_cane":9,"minecraft:golden_chestplate":1,"minecraft:stone_sword":2,"alexsmobs:animal_dictionary":1,"minecraft:birch_sapling":1,"minecraft:stone_shovel":1,"minecraft:chicken":3,"minecraft:rotten_flesh":2,"minecraft:cooked_mutton":5,"minecraft:nether_bricks":1,"minecraft:carrot":1,"minecraft:tipped_arrow":1,"minecraft:gunpowder":1,"born_in_chaos_v1:spiny_shell":1,"born_in_chaos_v1:corpse_maggot":2,"minecraft:fire_coral":1,"minecraft:oak_sapling":3,"minecraft:iron_bars":8,"minecraft:arrow":7,"minecraft:stone_pickaxe":1,"minecraft:wooden_pickaxe":1,"minecraft:brick":3},"minecraft:killed":{"born_in_chaos_v1:zombie_lumberjack":2,"born_in_chaos_v1:skeleton_demoman":1,"minecraft:spider":3,"born_in_chaos_v1:thornshell_crab":1,"born_in_chaos_v1:siamese_skeletonsright":2,"born_in_chaos_v1:maggot":5,"minecraft:skeleton":10,"minecraft:chicken":2,"minecraft:skeleton_horse":1,"born_in_chaos_v1:barrel_zombie":1,"minecraft:pig":3,"alexsmobs:seal":1,"minecraft:creeper":1,"born_in_chaos_v1:decrepit_skeleton":6,"minecraft:sheep":6,"born_in_chaos_v1:zombie_fisherman":1,"alexsmobs:cockroach":1,"minecraft:zombie":14,"born_in_chaos_v1:dread_hound":1,"minecraft:stray":2,"born_in_chaos_v1:corpse_fly":3,"born_in_chaos_v1:dark_vortex":1,"alexsmobs:roadrunner":1,"minecraft:wither_skeleton":1,"born_in_chaos_v1:siamese_skeletonsleft":2,"minecraft:cow":2},"minecraft:killed_by":{"minecraft:player":6,"born_in_chaos_v1:nightmare_stalker":1,"minecraft:spider":3,"minecraft:pillager":1,"born_in_chaos_v1:phantom_creeper_copy":1,"born_in_chaos_v1:bonescaller":1,"minecraft:skeleton":2,"minecraft:vex":1},"minecraft:mined":{"minecraft:white_bed":2,"minecraft:oak_door":1,"minecraft:nether_bricks":1,"gravestone:gravestone":18,"minecraft:grass_block":4,"minecraft:spawner":22,"minecraft:pumpkin":15,"minecraft:nether_brick_stairs":4,"minecraft:flowering_azalea_leaves":1,"minecraft:mossy_stone_brick_stairs":1,"minecraft:vine":1,"minecraft:iron_bars":8,"minecraft:bamboo":3,"minecraft:stone":24,"minecraft:brown_mushroom":4,"minecraft:quartz_block":6,"minecraft:crafting_table":1,"minecraft:emerald_ore":1,"minecraft:lectern":1,"graveyard:tg_grass_block":2,"minecraft:sugar_cane":3,"minecraft:diorite":2,"minecraft:skeleton_skull":1,"minecraft:chain":1,"graveyard:mossy_cobblestone_gravestone":1,"minecraft:birch_planks":5,"graveyard:oak_coffin":1,"minecraft:birch_log":46,"born_in_chaos_v1:fired_black_argillite":1,"minecraft:torchflower":1,"minecraft:jukebox":1,"minecraft:birch_leaves":3,"born_in_chaos_v1:river_mint":6,"minecraft:stone_brick_stairs":1,"minecraft:grass":47,"minecraft:oak_log":12,"minecraft:coal_ore":4,"minecraft:pitcher_crop":2,"minecraft:dirt":7,"minecraft:gray_carpet":1,"minecraft:cobweb":1,"born_in_chaos_v1:infernal_evil_pumpkin_s":1,"minecraft:deepslate":1,"minecraft:oak_leaves":12},"minecraft:custom":{"minecraft:mob_kills":74,"minecraft:interact_with_crafting_table":25,"minecraft:open_barrel":11,"minecraft:interact_with_campfire":1,"minecraft:damage_dealt_resisted":473,"minecraft:leave_game":5,"minecraft:time_since_death":16290,"minecraft:climb_one_cm":3782,"minecraft:sprint_one_cm":688544,"minecraft:walk_one_cm":487819,"minecraft:drop":93,"minecraft:play_time":189358,"minecraft:deaths":18,"minecraft:sneak_time":2189,"minecraft:walk_under_water_one_cm":7063,"minecraft:interact_with_lectern":3,"minecraft:jump":4245,"minecraft:interact_with_brewingstand":1,"minecraft:walk_on_water_one_cm":6247,"minecraft:total_world_time":189358,"minecraft:interact_with_furnace":32,"minecraft:play_record":1,"minecraft:sleep_in_bed":12,"minecraft:time_since_rest":16422,"minecraft:damage_taken":7284,"minecraft:damage_absorbed":81,"minecraft:damage_dealt":13126,"minecraft:swim_one_cm":19502,"minecraft:player_kills":4,"minecraft:fly_one_cm":1041451,"minecraft:open_chest":91,"minecraft:crouch_one_cm":5033,"minecraft:fall_one_cm":125854,"minecraft:horse_one_cm":5813},"minecraft:used":{"minecraft:stone_sword":35,"minecraft:acacia_log":1,"minecraft:oak_sign":1,"graveyard:oak_coffin":1,"minecraft:rotten_flesh":4,"minecraft:torch":24,"minecraft:dirt":5,"born_in_chaos_v1:anluka_doors":1,"born_in_chaos_v1:corpse_maggot":2,"minecraft:wooden_axe":73,"minecraft:birch_sapling":1,"minecraft:quartz_block":3,"minecraft:iron_helmet":1,"minecraft:bamboo":40,"minecraft:birch_button":2,"minecraft:golden_carrot":4,"graveyard:mossy_cobblestone_gravestone":1,"minecraft:oak_sapling":1,"minecraft:furnace":2,"minecraft:cooked_beef":11,"minecraft:cobbled_deepslate":1,"minecraft:cooked_mutton":7,"minecraft:mangrove_planks":8,"minecraft:baked_potato":4,"minecraft:birch_planks":138,"minecraft:gray_carpet":1,"minecraft:oak_planks":42,"minecraft:ender_pearl":2,"minecraft:wooden_pickaxe":7,"minecraft:golden_apple":2,"minecraft:crafting_table":7,"minecraft:white_bed":5,"minecraft:fire_coral":1,"minecraft:lever":1,"minecraft:apple":1,"minecraft:bread":4,"minecraft:iron_pickaxe":76,"minecraft:iron_door":1,"minecraft:diamond_sword":158,"minecraft:wooden_sword":64,"minecraft:cobblestone":1,"born_in_chaos_v1:river_mint":1,"minecraft:cooked_porkchop":14,"minecraft:jukebox":1},"minecraft:crafted":{"minecraft:golden_carrot":11,"minecraft:wooden_sword":3,"minecraft:oak_planks":36,"minecraft:jukebox":1,"minecraft:furnace":2,"minecraft:lever":1,"minecraft:cooked_mutton":10,"minecraft:iron_boots":1,"minecraft:iron_door":3,"minecraft:birch_button":2,"minecraft:cooked_beef":4,"minecraft:diamond_sword":1,"minecraft:cooked_porkchop":15,"minecraft:crafting_table":6,"minecraft:wooden_pickaxe":1,"minecraft:iron_helmet":1,"minecraft:mangrove_planks":8,"minecraft:birch_planks":188,"minecraft:air":0,"minecraft:iron_chestplate":1,"minecraft:gold_nugget":90,"minecraft:stick":24,"minecraft:iron_pickaxe":2,"minecraft:wooden_axe":2,"minecraft:stone_sword":1,"minecraft:iron_leggings":1,"minecraft:white_bed":3},"minecraft:picked_up":{"minecraft:crafting_table":2,"minecraft:chicken":2,"born_in_chaos_v1:river_mint":6,"minecraft:brown_mushroom":4,"minecraft:enchanted_book":1,"gravestone:obituary":3,"minecraft:chain":1,"minecraft:brick":3,"minecraft:fire_coral":2,"minecraft:string":4,"minecraft:wooden_sword":2,"born_in_chaos_v1:intoxicating_decoction":1,"minecraft:oak_sign":1,"minecraft:cracked_stone_bricks":1,"minecraft:cobbled_deepslate":3,"minecraft:beef":4,"minecraft:lectern":1,"minecraft:sugar_cane":9,"minecraft:birch_sapling":2,"minecraft:mangrove_log":2,"minecraft:tipped_arrow":1,"minecraft:raw_iron":1,"minecraft:stick":1,"born_in_chaos_v1:shattered_skull":1,"minecraft:jukebox":1,"minecraft:oak_door":1,"born_in_chaos_v1:phantom_powder":1,"minecraft:torch":10,"minecraft:acacia_log":1,"sophisticatedbackpacks:backpack":1,"minecraft:porkchop":5,"minecraft:diorite":4,"minecraft:carrot":64,"minecraft:golden_chestplate":1,"minecraft:quartz_block":3,"minecraft:arrow":15,"minecraft:rotten_flesh":33,"minecraft:nether_bricks":3,"born_in_chaos_v1:spiny_shell":4,"minecraft:gold_ingot":26,"minecraft:mutton":14,"minecraft:iron_bars":8,"minecraft:bone_block":1,"minecraft:skeleton_skull":2,"minecraft:white_wool":9,"minecraft:cobblestone":44,"born_in_chaos_v1:fused_bone":6,"minecraft:birch_log":47,"born_in_chaos_v1:corpse_maggot":5,"minecraft:feather":2,"minecraft:cooked_beef":1,"minecraft:golden_carrot":3,"born_in_chaos_v1:monster_flesh":1,"minecraft:golden_leggings":1,"minecraft:leather":2,"minecraft:potato":1,"minecraft:torchflower":1,"minecraft:birch_planks":41,"born_in_chaos_v1:anluka_doors":1,"minecraft:oak_log":13,"minecraft:golden_boots":2,"minecraft:nether_wart_block":2,"minecraft:gunpowder":11,"minecraft:dirt":26,"minecraft:cooked_mutton":2,"minecraft:bone":19,"minecraft:apple":1,"minecraft:gray_carpet":1,"minecraft:bow":2,"minecraft:wheat_seeds":9,"minecraft:raw_gold":1,"minecraft:iron_ingot":2,"minecraft:cobweb":4,"minecraft:bamboo":40,"minecraft:oak_planks":16,"minecraft:mossy_stone_brick_stairs":1,"minecraft:pitcher_plant":2,"minecraft:cooked_porkchop":4,"minecraft:pumpkin":15,"born_in_chaos_v1:ethereal_spirit":1,"born_in_chaos_v1:dark_rod":1,"graveyard:mossy_cobblestone_gravestone":1,"minecraft:nether_brick_stairs":6,"minecraft:white_bed":2,"graveyard:oak_coffin":1,"minecraft:iron_helmet":1,"minecraft:bone_meal":9,"minecraft:emerald":1,"born_in_chaos_v1:rotten_fish":1,"minecraft:oak_sapling":4,"minecraft:coal":4},"minecraft:broken":{"minecraft:iron_helmet":1,"minecraft:wooden_axe":1}},"DataVersion":3465}