{"stats":{"minecraft:used":{"minecraft:iron_bars":1,"minecraft:stone_sword":35,"minecraft:acacia_log":1,"minecraft:oak_sign":1,"minecraft:shield":13,"graveyard:oak_coffin":1,"minecraft:rotten_flesh":4,"minecraft:torch":26,"minecraft:dirt":5,"born_in_chaos_v1:anluka_doors":1,"born_in_chaos_v1:corpse_maggot":2,"minecraft:wooden_axe":73,"minecraft:birch_sapling":1,"minecraft:quartz_block":3,"minecraft:iron_helmet":1,"minecraft:birch_button":2,"minecraft:bamboo":40,"graveyard:mossy_cobblestone_gravestone":1,"minecraft:golden_carrot":14,"minecraft:oak_sapling":1,"minecraft:furnace":2,"minecraft:cooked_beef":15,"minecraft:cobbled_deepslate":1,"minecraft:cooked_mutton":7,"minecraft:baked_potato":4,"minecraft:birch_planks":138,"minecraft:mangrove_planks":8,"minecraft:oak_planks":42,"minecraft:gray_carpet":1,"minecraft:ender_pearl":3,"minecraft:wooden_pickaxe":7,"minecraft:golden_apple":4,"minecraft:tnt":2,"minecraft:crafting_table":7,"minecraft:white_bed":5,"minecraft:fire_coral":1,"minecraft:apple":3,"minecraft:lever":1,"minecraft:bread":4,"minecraft:iron_pickaxe":86,"minecraft:iron_door":1,"born_in_chaos_v1:mesh_door":1,"minecraft:diamond_sword":346,"minecraft:wooden_sword":64,"minecraft:cobblestone":3,"born_in_chaos_v1:river_mint":1,"minecraft:cooked_porkchop":14,"minecraft:jukebox":1},"minecraft:mined":{"minecraft:white_bed":2,"minecraft:oak_door":1,"gravestone:gravestone":19,"minecraft:nether_bricks":1,"minecraft:grass_block":5,"minecraft:cracked_polished_blackstone_bricks":1,"minecraft:spawner":23,"minecraft:pumpkin":15,"minecraft:nether_brick_stairs":4,"minecraft:mossy_stone_brick_stairs":2,"minecraft:flowering_azalea_leaves":1,"minecraft:vine":1,"minecraft:iron_bars":10,"minecraft:bamboo":3,"minecraft:stone":24,"minecraft:brown_mushroom":4,"minecraft:quartz_block":7,"minecraft:crafting_table":1,"minecraft:emerald_ore":1,"minecraft:lectern":1,"minecraft:cobblestone":1,"graveyard:tg_grass_block":2,"minecraft:slime_block":2,"minecraft:deepslate_gold_ore":1,"minecraft:sugar_cane":3,"minecraft:diorite":2,"minecraft:skeleton_skull":1,"minecraft:chain":1,"minecraft:birch_planks":5,"graveyard:mossy_cobblestone_gravestone":1,"graveyard:oak_coffin":1,"minecraft:tnt":1,"minecraft:birch_log":46,"born_in_chaos_v1:fired_black_argillite":1,"minecraft:birch_leaves":3,"minecraft:torchflower":1,"minecraft:jukebox":1,"born_in_chaos_v1:river_mint":6,"minecraft:stone_brick_stairs":2,"minecraft:grass":49,"minecraft:coal_ore":4,"minecraft:oak_log":12,"minecraft:pitcher_crop":2,"minecraft:dirt":7,"minecraft:gray_carpet":1,"minecraft:cobweb":1,"minecraft:cracked_stone_bricks":1,"born_in_chaos_v1:infernal_evil_pumpkin_s":1,"minecraft:oak_leaves":13,"minecraft:deepslate":1},"minecraft:killed":{"born_in_chaos_v1:restless_spirit":1,"born_in_chaos_v1:zombie_lumberjack":2,"born_in_chaos_v1:skeleton_demoman":1,"minecraft:spider":3,"alexsmobs:seagull":1,"born_in_chaos_v1:thornshell_crab":1,"born_in_chaos_v1:siamese_skeletonsright":3,"born_in_chaos_v1:baby_skeleton_minion":3,"born_in_chaos_v1:maggot":6,"minecraft:skeleton":11,"graveyard:acolyte":1,"minecraft:chicken":2,"minecraft:skeleton_horse":1,"born_in_chaos_v1:barrel_zombie":2,"born_in_chaos_v1:bonescaller":1,"minecraft:pig":3,"minecraft:zombie_villager":1,"born_in_chaos_v1:glutton_fish":1,"alexsmobs:seal":1,"minecraft:frog":1,"minecraft:creeper":1,"born_in_chaos_v1:decrepit_skeleton":7,"minecraft:sheep":6,"born_in_chaos_v1:zombie_fisherman":1,"minecraft:zombie":20,"alexsmobs:cockroach":1,"born_in_chaos_v1:dread_hound":1,"born_in_chaos_v1:corpse_fly":3,"born_in_chaos_v1:dark_vortex":1,"minecraft:stray":2,"alexsmobs:roadrunner":1,"born_in_chaos_v1:door_knight":1,"minecraft:wither_skeleton":1,"born_in_chaos_v1:siamese_skeletonsleft":3,"minecraft:cow":3},"minecraft:custom":{"minecraft:mob_kills":98,"minecraft:interact_with_crafting_table":27,"minecraft:open_barrel":14,"minecraft:interact_with_campfire":1,"minecraft:damage_dealt_resisted":5493,"minecraft:leave_game":6,"minecraft:time_since_death":7570,"minecraft:climb_one_cm":8349,"minecraft:sprint_one_cm":824327,"minecraft:walk_one_cm":632709,"minecraft:damage_blocked_by_shield":1052,"minecraft:drop":122,"minecraft:talked_to_villager":4,"minecraft:play_time":234758,"minecraft:sneak_time":3472,"minecraft:deaths":20,"minecraft:walk_under_water_one_cm":13772,"minecraft:boat_one_cm":25671,"minecraft:interact_with_lectern":3,"minecraft:jump":5291,"minecraft:interact_with_brewingstand":1,"minecraft:walk_on_water_one_cm":20412,"minecraft:total_world_time":234758,"minecraft:interact_with_furnace":32,"minecraft:play_record":1,"minecraft:sleep_in_bed":12,"minecraft:time_since_rest":7669,"minecraft:damage_taken":9143,"minecraft:damage_absorbed":121,"minecraft:damage_dealt":17768,"minecraft:player_kills":4,"minecraft:swim_one_cm":43338,"minecraft:fly_one_cm":1277841,"minecraft:open_chest":109,"minecraft:crouch_one_cm":7908,"minecraft:fall_one_cm":150929,"minecraft:horse_one_cm":5813},"minecraft:dropped":{"minecraft:nether_brick_stairs":1,"born_in_chaos_v1:intoxicating_decoction":2,"minecraft:wheat_seeds":9,"minecraft:oak_log":19,"minecraft:crafting_table":1,"minecraft:cooked_porkchop":5,"born_in_chaos_v1:sea_terror_stomach":1,"minecraft:feather":4,"minecraft:cobblestone":2,"minecraft:tropical_fish":1,"minecraft:stick":1,"minecraft:cracked_polished_blackstone_bricks":1,"minecraft:dirt":5,"minecraft:deepslate_brick_stairs":1,"minecraft:diorite":2,"born_in_chaos_v1:river_mint":5,"minecraft:golden_carrot":9,"minecraft:torch":1,"minecraft:wooden_axe":1,"born_in_chaos_v1:trident_hayfork":1,"minecraft:potion":1,"minecraft:writable_book":3,"minecraft:chain":1,"gravestone:obituary":34,"minecraft:wooden_sword":5,"minecraft:birch_log":16,"minecraft:cauldron":1,"minecraft:stone_axe":1,"minecraft:sugar_cane":9,"minecraft:golden_chestplate":1,"minecraft:stone_sword":2,"alexsmobs:animal_dictionary":1,"minecraft:cobbled_deepslate":1,"minecraft:birch_sapling":1,"minecraft:stone_shovel":1,"minecraft:chicken":3,"minecraft:rotten_flesh":2,"minecraft:iron_boots":1,"minecraft:cooked_mutton":5,"minecraft:nether_bricks":1,"minecraft:carrot":1,"minecraft:tipped_arrow":1,"minecraft:shield":1,"minecraft:ladder":2,"minecraft:gunpowder":1,"minecraft:iron_chestplate":1,"born_in_chaos_v1:spiny_shell":1,"born_in_chaos_v1:corpse_maggot":2,"minecraft:fire_coral":1,"minecraft:oak_sapling":3,"minecraft:iron_bars":10,"minecraft:arrow":7,"minecraft:stone_pickaxe":1,"minecraft:wooden_pickaxe":1,"minecraft:brick":3},"minecraft:broken":{"minecraft:iron_helmet":1,"minecraft:wooden_axe":1},"minecraft:killed_by":{"minecraft:player":6,"born_in_chaos_v1:nightmare_stalker":1,"minecraft:spider":3,"minecraft:pillager":1,"graveyard:acolyte":1,"born_in_chaos_v1:phantom_creeper_copy":1,"apollyon:the_damned":1,"born_in_chaos_v1:bonescaller":1,"minecraft:skeleton":2,"minecraft:vex":1},"minecraft:picked_up":{"minecraft:iron_chestplate":1,"minecraft:crafting_table":2,"minecraft:ladder":3,"minecraft:chicken":2,"born_in_chaos_v1:river_mint":6,"born_in_chaos_v1:seedof_chaos":1,"minecraft:brown_mushroom":4,"minecraft:diamond_sword":1,"minecraft:enchanted_book":3,"minecraft:chain":1,"gravestone:obituary":13,"minecraft:brick":3,"minecraft:fire_coral":2,"minecraft:music_disc_cat":1,"minecraft:polished_deepslate":1,"born_in_chaos_v1:mesh_door":1,"minecraft:string":4,"minecraft:wooden_sword":2,"minecraft:iron_leggings":1,"born_in_chaos_v1:intoxicating_decoction":1,"minecraft:oak_sign":1,"graveyard:corruption":4,"minecraft:cracked_stone_bricks":1,"minecraft:cobbled_deepslate":3,"minecraft:beef":7,"minecraft:iron_pickaxe":2,"minecraft:lectern":1,"minecraft:sugar_cane":9,"minecraft:birch_sapling":2,"minecraft:mangrove_log":2,"minecraft:iron_boots":2,"minecraft:tipped_arrow":1,"minecraft:stick":1,"minecraft:raw_iron":1,"born_in_chaos_v1:shattered_skull":1,"minecraft:oak_door":1,"minecraft:jukebox":1,"born_in_chaos_v1:phantom_powder":3,"minecraft:torch":12,"minecraft:acacia_log":1,"sophisticatedbackpacks:backpack":4,"minecraft:porkchop":5,"minecraft:diorite":4,"minecraft:carrot":77,"minecraft:prismarine_crystals":3,"minecraft:golden_chestplate":1,"minecraft:tnt":3,"minecraft:quartz_block":3,"minecraft:arrow":15,"minecraft:rotten_flesh":35,"minecraft:tropical_fish":1,"born_in_chaos_v1:sea_terror_eye":4,"minecraft:nether_bricks":3,"born_in_chaos_v1:spiny_shell":4,"minecraft:gold_ingot":26,"born_in_chaos_v1:trident_hayfork":1,"minecraft:deepslate_brick_stairs":1,"minecraft:nautilus_shell":1,"minecraft:mutton":14,"minecraft:iron_bars":11,"minecraft:bone_block":1,"minecraft:skeleton_skull":2,"minecraft:white_wool":9,"minecraft:cobblestone":67,"born_in_chaos_v1:fused_bone":8,"minecraft:birch_log":47,"born_in_chaos_v1:corpse_maggot":5,"minecraft:feather":2,"minecraft:cooked_beef":1,"born_in_chaos_v1:monster_flesh":2,"minecraft:golden_carrot":11,"minecraft:leather":3,"minecraft:golden_leggings":1,"minecraft:potato":1,"minecraft:birch_planks":41,"minecraft:torchflower":1,"minecraft:oak_log":13,"born_in_chaos_v1:anluka_doors":1,"minecraft:golden_boots":2,"minecraft:nether_wart_block":2,"minecraft:gunpowder":35,"minecraft:dirt":40,"minecraft:name_tag":1,"minecraft:cooked_mutton":2,"minecraft:bone":30,"minecraft:apple":7,"minecraft:gray_carpet":1,"minecraft:bow":2,"minecraft:wheat_seeds":9,"minecraft:raw_gold":2,"minecraft:iron_ingot":2,"minecraft:cobweb":4,"minecraft:bamboo":40,"minecraft:oak_planks":22,"minecraft:mossy_stone_brick_stairs":1,"minecraft:cooked_porkchop":4,"minecraft:pitcher_plant":2,"minecraft:pumpkin":15,"born_in_chaos_v1:ethereal_spirit":2,"born_in_chaos_v1:dark_rod":2,"graveyard:mossy_cobblestone_gravestone":1,"minecraft:nether_brick_stairs":6,"minecraft:white_bed":2,"graveyard:oak_coffin":1,"minecraft:slime_block":2,"minecraft:cracked_polished_blackstone_bricks":2,"minecraft:iron_helmet":2,"minecraft:bone_meal":9,"minecraft:golden_apple":9,"minecraft:golden_horse_armor":1,"minecraft:emerald":1,"born_in_chaos_v1:sea_terror_stomach":1,"minecraft:oak_sapling":4,"born_in_chaos_v1:rotten_fish":19,"minecraft:coal":25},"minecraft:crafted":{"minecraft:golden_carrot":29,"minecraft:wooden_sword":3,"minecraft:oak_planks":36,"minecraft:jukebox":1,"minecraft:furnace":2,"minecraft:lever":1,"minecraft:cooked_mutton":10,"minecraft:iron_boots":1,"minecraft:iron_door":3,"minecraft:birch_button":2,"minecraft:cooked_beef":4,"minecraft:diamond_sword":1,"minecraft:cooked_porkchop":15,"minecraft:crafting_table":6,"minecraft:wooden_pickaxe":1,"minecraft:iron_helmet":1,"minecraft:mangrove_planks":8,"minecraft:birch_planks":188,"minecraft:air":0,"minecraft:golden_apple":3,"minecraft:iron_chestplate":1,"minecraft:gold_nugget":234,"minecraft:stick":24,"minecraft:iron_pickaxe":2,"minecraft:wooden_axe":2,"minecraft:stone_sword":1,"minecraft:iron_leggings":1,"minecraft:white_bed":3}},"DataVersion":3465}