{"stats":{"minecraft:dropped":{"minecraft:lapis_lazuli":13,"minecraft:raw_iron":2,"minecraft:shield":1,"minecraft:stone_pickaxe":1},"minecraft:killed":{"minecraft:zombie":1,"born_in_chaos_v1:corpse_fish":3,"minecraft:cow":1},"minecraft:mined":{"minecraft:medium_amethyst_bud":1,"minecraft:crafting_table":6,"minecraft:granite":14,"minecraft:calcite":1,"born_in_chaos_v1:black_argillite":19,"minecraft:copper_ore":2,"minecraft:cobblestone":2,"minecraft:lapis_ore":3,"minecraft:diorite":15,"minecraft:wall_torch":4,"minecraft:amethyst_block":2,"minecraft:furnace":1,"minecraft:iron_ore":10,"minecraft:andesite":2,"minecraft:grass":5,"minecraft:oak_log":24,"minecraft:coal_ore":48,"minecraft:deepslate_iron_ore":3,"minecraft:gravel":22,"minecraft:dirt":1,"minecraft:smooth_basalt":2,"minecraft:stone":484,"minecraft:oak_leaves":11,"minecraft:deepslate":107},"minecraft:used":{"minecraft:diorite":14,"minecraft:stone_sword":29,"minecraft:stone_shovel":22,"minecraft:stone_pickaxe":724,"minecraft:oak_sign":1,"minecraft:cooked_chicken":4,"minecraft:torch":16,"minecraft:crafting_table":6,"minecraft:apple":1,"alexsmobs:cooked_lobster_tail":2,"minecraft:stone_axe":47,"minecraft:cobblestone":78,"minecraft:beef":2,"minecraft:furnace":1,"alexsmobs:animal_dictionary":1},"minecraft:custom":{"minecraft:interact_with_furnace":8,"minecraft:mob_kills":5,"minecraft:interact_with_crafting_table":11,"minecraft:leave_game":9,"minecraft:time_since_death":69533,"minecraft:climb_one_cm":934,"minecraft:time_since_rest":69533,"minecraft:sprint_one_cm":53411,"minecraft:damage_taken":358,"minecraft:walk_one_cm":118193,"minecraft:drop":4,"minecraft:damage_dealt":900,"minecraft:swim_one_cm":2992,"minecraft:fly_one_cm":62805,"minecraft:crouch_one_cm":18504,"minecraft:play_time":69533,"minecraft:sneak_time":7248,"minecraft:walk_under_water_one_cm":15761,"minecraft:jump":623,"minecraft:walk_on_water_one_cm":12669,"minecraft:total_world_time":69533,"minecraft:fall_one_cm":6266},"minecraft:crafted":{"minecraft:oak_planks":28,"minecraft:crafting_table":1,"minecraft:furnace":1,"minecraft:air":0,"minecraft:shield":2,"minecraft:stick":24,"minecraft:iron_ingot":8,"minecraft:stone_pickaxe":5,"minecraft:torch":12},"minecraft:picked_up":{"minecraft:crafting_table":6,"minecraft:andesite":2,"minecraft:leather":1,"minecraft:flint":2,"minecraft:oak_log":24,"born_in_chaos_v1:black_argillite":15,"minecraft:lapis_lazuli":21,"minecraft:dirt":3,"minecraft:oak_sign":1,"minecraft:apple":1,"graveyard:corruption":1,"minecraft:cobbled_deepslate":82,"minecraft:beef":3,"minecraft:cooked_chicken":4,"minecraft:calcite":1,"alexsmobs:cooked_lobster_tail":2,"minecraft:furnace":1,"minecraft:raw_iron":16,"minecraft:smooth_basalt":2,"minecraft:torch":4,"minecraft:gravel":1,"minecraft:diorite":14,"minecraft:spider_eye":1,"minecraft:granite":14,"minecraft:bone_meal":1,"born_in_chaos_v1:rotten_fish":1,"minecraft:coal":96,"minecraft:cobblestone":447},"minecraft:broken":{"minecraft:stone_pickaxe":4}},"DataVersion":3465}