{"stats":{"minecraft:dropped":{"born_in_chaos_v1:intoxicating_decoction":1,"minecraft:brown_mushroom":23,"minecraft:wheat_seeds":2,"minecraft:glass_bottle":3,"minecraft:crafting_table":2,"born_in_chaos_v1:holiday_candy":6,"minecraft:leather":2,"minecraft:copper_ingot":5,"graveyard:corruption":1,"minecraft:stick":14,"born_in_chaos_v1:monster_flesh":2,"minecraft:dirt":27,"minecraft:potion":1,"minecraft:chain":1,"gravestone:obituary":1,"minecraft:iron_shovel":1,"born_in_chaos_v1:smoldering_scorched_log":9,"minecraft:furnace":1,"minecraft:stone_axe":1,"born_in_chaos_v1:fire_dust":26,"minecraft:stone_sword":2,"alexsmobs:animal_dictionary":1,"born_in_chaos_v1:rotten_fish":1,"minecraft:stone_shovel":2,"minecraft:rotten_flesh":18,"minecraft:oak_planks":113,"minecraft:potato":16,"minecraft:tipped_arrow":1,"born_in_chaos_v1:corpse_maggot":4,"minecraft:chainmail_boots":1,"minecraft:leather_boots":2,"minecraft:oak_sapling":6,"minecraft:leather_leggings":2,"minecraft:iron_bars":7,"minecraft:arrow":2,"minecraft:wooden_pickaxe":4,"minecraft:beef":4,"minecraft:magma_cream":3,"minecraft:magma_block":12},"minecraft:killed":{"born_in_chaos_v1:restless_spirit":2,"born_in_chaos_v1:zombie_clown_not_despawn":1,"minecraft:spider":3,"alexsmobs:tasmanian_devil":2,"born_in_chaos_v1:maggot":1,"minecraft:skeleton":8,"minecraft:chicken":4,"born_in_chaos_v1:corpse_fish":1,"born_in_chaos_v1:firelight_not_despawn":2,"minecraft:pig":3,"minecraft:frog":1,"minecraft:zombie":21,"born_in_chaos_v1:dread_hound":2,"alexsmobs:terrapin":1,"minecraft:stray":1,"minecraft:cow":2},"minecraft:killed_by":{"minecraft:skeleton":1},"minecraft:mined":{"born_in_chaos_v1:cultivated_pumpkin":1,"minecraft:spruce_planks":2,"minecraft:oak_door":2,"minecraft:brewing_stand":1,"gravestone:gravestone":1,"born_in_chaos_v1:dark_metal_deposit":2,"minecraft:spruce_leaves":7,"minecraft:spawner":11,"minecraft:large_fern":2,"minecraft:hay_block":14,"minecraft:furnace":3,"minecraft:iron_ore":4,"born_in_chaos_v1:black_argillite_brick_slab":2,"minecraft:fire":1,"minecraft:enchanting_table":1,"minecraft:bookshelf":24,"minecraft:iron_bars":7,"minecraft:stone":9,"minecraft:crafting_table":12,"minecraft:torch":3,"minecraft:note_block":1,"minecraft:chest":2,"minecraft:dead_bush":3,"minecraft:lectern":1,"born_in_chaos_v1:black_argillite_column_slab":2,"minecraft:copper_ore":4,"minecraft:tall_grass":2,"minecraft:cobblestone":2,"minecraft:sugar_cane":8,"minecraft:oak_planks":16,"minecraft:diorite":16,"minecraft:wall_torch":4,"minecraft:lime_bed":1,"minecraft:dark_oak_slab":1,"minecraft:sweet_berry_bush":17,"minecraft:jukebox":1,"minecraft:black_wool":1,"minecraft:grass":14,"minecraft:oak_log":27,"minecraft:dirt":10,"minecraft:cobweb":2,"minecraft:cracked_stone_bricks":3,"minecraft:stone_bricks":1,"minecraft:oak_leaves":1,"minecraft:fern":3},"minecraft:custom":{"minecraft:mob_kills":56,"minecraft:interact_with_crafting_table":38,"minecraft:open_barrel":16,"minecraft:leave_game":15,"minecraft:time_since_death":58069,"minecraft:climb_one_cm":1687,"minecraft:sprint_one_cm":319907,"minecraft:walk_one_cm":184005,"minecraft:damage_blocked_by_shield":570,"minecraft:drop":67,"minecraft:play_noteblock":6,"minecraft:play_time":99150,"minecraft:deaths":1,"minecraft:sneak_time":5286,"minecraft:walk_under_water_one_cm":12056,"minecraft:interact_with_lectern":4,"minecraft:jump":1334,"minecraft:interact_with_brewingstand":6,"minecraft:walk_on_water_one_cm":8968,"minecraft:total_world_time":99150,"minecraft:interact_with_furnace":30,"minecraft:play_record":3,"minecraft:interact_with_cartography_table":1,"minecraft:tune_noteblock":25,"minecraft:time_since_rest":58093,"minecraft:damage_taken":1663,"minecraft:damage_dealt":9816,"minecraft:swim_one_cm":43630,"minecraft:fly_one_cm":235181,"minecraft:open_chest":61,"minecraft:crouch_one_cm":12487,"minecraft:fall_one_cm":23855},"minecraft:used":{"minecraft:iron_bars":2,"minecraft:stone_sword":39,"minecraft:stone_shovel":14,"minecraft:chest":1,"minecraft:spruce_planks":2,"minecraft:shield":15,"minecraft:cooked_chicken":3,"minecraft:oak_door":6,"minecraft:torch":17,"minecraft:dirt":17,"minecraft:carrot":4,"minecraft:music_disc_mellohi":1,"born_in_chaos_v1:black_argillite_column_slab":2,"minecraft:music_disc_chirp":1,"minecraft:dark_oak_slab":1,"minecraft:sweet_berries":55,"minecraft:furnace":2,"minecraft:cooked_beef":2,"minecraft:diorite":4,"minecraft:baked_potato":3,"minecraft:stone_pickaxe":17,"minecraft:oak_planks":46,"minecraft:cracked_stone_bricks":3,"minecraft:music_disc_cat":1,"minecraft:crafting_table":12,"born_in_chaos_v1:cultivated_pumpkin":1,"minecraft:note_block":1,"minecraft:black_wool":1,"born_in_chaos_v1:monster_flesh":1,"minecraft:bread":8,"minecraft:iron_pickaxe":54,"minecraft:stone_axe":208,"minecraft:cobblestone":3,"minecraft:potion":3,"minecraft:cooked_porkchop":2,"minecraft:bucket":1,"alexsmobs:animal_dictionary":1,"minecraft:experience_bottle":1},"minecraft:crafted":{"minecraft:oak_door":6,"minecraft:oak_planks":108,"minecraft:cooked_chicken":3,"sophisticatedbackpacks:copper_backpack":1,"minecraft:leather":2,"sophisticatedbackpacks:iron_backpack":1,"minecraft:wheat":108,"minecraft:cooked_beef":4,"sophisticatedbackpacks:backpack":1,"minecraft:cooked_porkchop":2,"minecraft:crafting_table":1,"minecraft:copper_ingot":13,"sophisticatedbackpacks:gold_backpack":1,"minecraft:bucket":1,"minecraft:bread":42,"minecraft:air":0,"minecraft:charcoal":3,"minecraft:iron_ingot":9,"minecraft:iron_pickaxe":1,"minecraft:gold_ingot":1,"minecraft:torch":16},"minecraft:picked_up":{"minecraft:crafting_table":14,"minecraft:chainmail_boots":1,"minecraft:chicken":3,"minecraft:leather_leggings":2,"minecraft:brown_mushroom":2,"minecraft:wooden_pickaxe":4,"minecraft:potion":1,"minecraft:brewing_stand":1,"gravestone:obituary":1,"minecraft:chain":1,"minecraft:shield":1,"born_in_chaos_v1:holiday_candy":6,"minecraft:music_disc_cat":1,"minecraft:raw_copper":13,"minecraft:string":4,"born_in_chaos_v1:intoxicating_decoction":1,"graveyard:corruption":2,"minecraft:cracked_stone_bricks":3,"minecraft:spruce_planks":2,"minecraft:beef":8,"minecraft:lectern":1,"born_in_chaos_v1:smoldering_scorched_log":18,"minecraft:sugar_cane":6,"minecraft:chest":3,"minecraft:furnace":4,"minecraft:tipped_arrow":1,"minecraft:stick":21,"minecraft:raw_iron":4,"minecraft:jukebox":1,"minecraft:oak_door":3,"minecraft:torch":7,"minecraft:music_disc_mellohi":1,"minecraft:note_block":1,"minecraft:porkchop":5,"minecraft:diorite":16,"born_in_chaos_v1:pieceofdarkmetal":2,"minecraft:stone_sword":1,"minecraft:arrow":12,"minecraft:rotten_flesh":27,"minecraft:stone_shovel":2,"minecraft:hay_block":22,"minecraft:gold_ingot":5,"born_in_chaos_v1:cultivated_pumpkin":1,"minecraft:blaze_rod":4,"minecraft:iron_bars":11,"minecraft:cobblestone":7,"minecraft:enchanting_table":1,"minecraft:leather_chestplate":1,"born_in_chaos_v1:corpse_maggot":4,"minecraft:lime_bed":1,"minecraft:magma_block":12,"born_in_chaos_v1:black_argillite_column_slab":2,"minecraft:magma_cream":6,"born_in_chaos_v1:monster_flesh":2,"minecraft:leather":4,"minecraft:potato":8,"minecraft:oak_log":27,"minecraft:dirt":44,"born_in_chaos_v1:monster_skin":1,"minecraft:leather_boots":2,"minecraft:bone":17,"minecraft:apple":1,"minecraft:stone_bricks":1,"minecraft:wheat_seeds":2,"minecraft:iron_ingot":4,"minecraft:glass_bottle":3,"minecraft:oak_planks":128,"minecraft:music_disc_chirp":1,"minecraft:book":72,"minecraft:dark_oak_slab":1,"minecraft:sweet_berries":47,"born_in_chaos_v1:ethereal_spirit":3,"minecraft:dead_bush":2,"alexsmobs:animal_dictionary":1,"born_in_chaos_v1:fire_dust":42,"minecraft:stone_axe":1,"minecraft:iron_helmet":1,"born_in_chaos_v1:rotten_fish":1,"minecraft:oak_sapling":6,"minecraft:black_wool":1,"minecraft:coal":52}},"DataVersion":3465}