{"stats":{"minecraft:dropped":{"minecraft:birch_planks":1,"born_in_chaos_v1:fried_maggot":5,"minecraft:leather":3,"minecraft:emerald":4,"graveyard:small_black_urn":1,"minecraft:birch_log":108,"minecraft:fishing_rod":1,"minecraft:white_wool":2,"minecraft:gold_ingot":3,"minecraft:bone":2,"minecraft:gravel":2,"minecraft:golden_chestplate":1,"minecraft:wheat":20,"minecraft:rotten_flesh":15,"minecraft:oak_planks":16,"minecraft:golden_shovel":1,"minecraft:carrot":68,"minecraft:chiseled_stone_bricks":1,"minecraft:gunpowder":9,"born_in_chaos_v1:corpse_maggot":6,"minecraft:leather_leggings":2,"minecraft:polished_granite":2,"minecraft:iron_ingot":14,"minecraft:wheat_seeds":1,"minecraft:tnt":1,"minecraft:mossy_cobblestone":2,"minecraft:prismarine_crystals":3,"graveyard:bone_dagger":2,"born_in_chaos_v1:fused_bone":2,"minecraft:fire_charge":1,"minecraft:potion":1,"minecraft:heart_of_the_sea":1,"minecraft:lily_pad":23,"minecraft:stone_sword":1,"minecraft:white_carpet":2,"minecraft:flint_and_steel":1,"minecraft:spider_eye":1,"minecraft:slime_ball":3,"born_in_chaos_v1:bone_heart":1},"minecraft:killed":{"creeperoverhaul:hills_creeper":3,"alexsmobs:anaconda":1,"born_in_chaos_v1:zombie_lumberjack":4,"born_in_chaos_v1:restless_spirit":3,"minecraft:spider":15,"born_in_chaos_v1:siamese_skeletonsright":4,"born_in_chaos_v1:baby_skeleton_minion":2,"minecraft:skeleton":6,"graveyard:acolyte":8,"minecraft:chicken":4,"born_in_chaos_v1:skeleton_thrasher":1,"minecraft:wolf":3,"minecraft:pig":3,"minecraft:zombie_villager":1,"minecraft:sheep":3,"minecraft:zombie":20,"born_in_chaos_v1:dread_hound":9,"born_in_chaos_v1:corpse_fly":32,"alexsmobs:fly":1,"born_in_chaos_v1:door_knight":1,"born_in_chaos_v1:siamese_skeletonsleft":3,"minecraft:cow":1,"minecraft:slime":5,"born_in_chaos_v1:maggot":16,"alexsmobs:bison":1,"minecraft:drowned":3,"born_in_chaos_v1:corpse_fish":4,"graveyard:ghoul":1,"born_in_chaos_v1:swarmer":4,"born_in_chaos_v1:decrepit_skeleton":7,"alexsmobs:catfish":5,"born_in_chaos_v1:bloody_gadfly":2,"born_in_chaos_v1:nightmare_stalker":2,"minecraft:enderman":2},"minecraft:killed_by":{"apollyon:the_damned":1},"minecraft:mined":{"graveyard:small_black_urn":1,"graveyard:gray_urn":1,"minecraft:spruce_trapdoor":1,"minecraft:granite":1,"minecraft:grass_block":188,"sophisticatedbackpacks:iron_backpack":1,"minecraft:spawner":1,"minecraft:chiseled_stone_bricks":1,"minecraft:tall_seagrass":1,"minecraft:fire":2,"minecraft:cobbled_deepslate":1,"minecraft:iron_ore":2,"graveyard:ossuary":1,"minecraft:black_carpet":13,"minecraft:iron_bars":5,"graveyard:small_brown_urn":1,"minecraft:spruce_slab":1,"minecraft:smoker":1,"minecraft:chest":2,"minecraft:cobblestone":3,"graveyard:skeleton_hand":1,"minecraft:oak_planks":9,"minecraft:iron_door":1,"minecraft:birch_log":128,"minecraft:wheat":10,"born_in_chaos_v1:river_mint":1,"minecraft:black_bed":5,"minecraft:grass":35,"minecraft:oak_log":53,"minecraft:dirt":172,"minecraft:sand":17,"graveyard:small_cyan_urn":3,"born_in_chaos_v1:infernal_evil_pumpkin_s":1,"minecraft:oak_leaves":6,"minecraft:mossy_cobblestone":2,"minecraft:ladder":2,"gravestone:gravestone":1,"graveyard:tg_deepslate":5,"minecraft:redstone_wire":2,"minecraft:spruce_leaves":5,"minecraft:moss_block":14,"minecraft:carrots":68,"minecraft:vine":1,"minecraft:stone":444,"minecraft:bone_block":4,"born_in_chaos_v1:mesh_door":1,"minecraft:scaffolding":1,"minecraft:polished_granite":2,"graveyard:small_light_gray_urn":1,"minecraft:campfire":1,"minecraft:lectern":1,"minecraft:copper_ore":24,"minecraft:tall_grass":11,"minecraft:birch_planks":8,"graveyard:vase_block":3,"minecraft:spruce_log":19,"minecraft:birch_leaves":20,"minecraft:coal_ore":18,"minecraft:gravel":427,"minecraft:gray_carpet":29,"minecraft:stone_bricks":2,"minecraft:mossy_stone_bricks":3,"graveyard:bone_remains":1,"minecraft:birch_fence":4},"minecraft:custom":{"minecraft:animals_bred":4,"minecraft:interact_with_crafting_table":34,"minecraft:open_barrel":6,"minecraft:leave_game":11,"minecraft:time_since_death":245399,"minecraft:damage_resisted":70,"minecraft:sprint_one_cm":1178838,"minecraft:damage_blocked_by_shield":1280,"minecraft:drop":63,"minecraft:talked_to_villager":4,"minecraft:play_time":401381,"minecraft:deaths":1,"minecraft:jump":5400,"minecraft:interact_with_brewingstand":1,"minecraft:walk_on_water_one_cm":46919,"minecraft:interact_with_furnace":35,"minecraft:interact_with_loom":2,"minecraft:sleep_in_bed":17,"minecraft:damage_dealt":30987,"minecraft:crouch_one_cm":12846,"minecraft:interact_with_smoker":1,"minecraft:horse_one_cm":2818,"minecraft:mob_kills":182,"minecraft:interact_with_campfire":4,"minecraft:damage_dealt_resisted":364,"minecraft:climb_one_cm":17433,"minecraft:walk_one_cm":1557199,"minecraft:sneak_time":3938,"minecraft:walk_under_water_one_cm":47369,"minecraft:boat_one_cm":820523,"minecraft:total_world_time":401381,"minecraft:time_since_rest":56389,"minecraft:damage_taken":3502,"minecraft:swim_one_cm":134144,"minecraft:fly_one_cm":1130736,"minecraft:open_chest":116,"minecraft:fall_one_cm":107412},"minecraft:used":{"minecraft:moss_block":14,"minecraft:writable_book":3,"minecraft:ladder":2,"born_in_chaos_v1:intoxicating_decoction":1,"minecraft:shield":23,"minecraft:chest":6,"minecraft:rotten_flesh":4,"minecraft:iron_chestplate":1,"graveyard:small_cyan_urn":2,"minecraft:carrot":217,"born_in_chaos_v1:corpse_maggot":1,"graveyard:gray_urn":1,"graveyard:torso_pile":2,"minecraft:furnace":3,"minecraft:oak_sapling":3,"alexsmobs:raw_catfish":5,"minecraft:leather_leggings":1,"minecraft:stone_pickaxe":520,"minecraft:oak_planks":111,"minecraft:leather_chestplate":1,"minecraft:wooden_pickaxe":13,"graveyard:skeleton_hand":2,"minecraft:black_bed":5,"minecraft:birch_fence":34,"minecraft:birch_fence_gate":2,"born_in_chaos_v1:monster_flesh":1,"minecraft:bread":1,"minecraft:gravel":290,"minecraft:soul_lantern":5,"born_in_chaos_v1:mesh_door":1,"minecraft:oak_boat":2,"minecraft:bone_meal":131,"graveyard:skull_on_pike":2,"sophisticatedbackpacks:iron_backpack":2,"minecraft:stone_sword":19,"minecraft:stone_shovel":767,"born_in_chaos_v1:fried_maggot":12,"minecraft:stone_hoe":5,"minecraft:cooked_chicken":1,"minecraft:dirt":336,"minecraft:beef":1,"minecraft:wheat_seeds":10,"minecraft:cooked_mutton":5,"graveyard:bone_remains":1,"minecraft:birch_planks":2,"graveyard:ossuary":1,"minecraft:crafting_table":4,"minecraft:campfire":1,"minecraft:wooden_hoe":28,"minecraft:chicken":4,"minecraft:spruce_sapling":2,"minecraft:stone_axe":708,"minecraft:cobblestone":18,"minecraft:cooked_porkchop":2,"minecraft:porkchop":8,"born_in_chaos_v1:wood_splitter_axe":148,"alexsmobs:animal_dictionary":1},"minecraft:crafted":{"minecraft:oak_planks":204,"minecraft:cooked_chicken":1,"minecraft:cooked_mutton":1,"minecraft:birch_fence_gate":2,"minecraft:chest":4,"minecraft:stone_hoe":1,"minecraft:crafting_table":4,"minecraft:spruce_planks":32,"minecraft:wooden_pickaxe":1,"minecraft:copper_ingot":1,"minecraft:birch_planks":76,"minecraft:campfire":1,"minecraft:wooden_hoe":1,"minecraft:charcoal":6,"minecraft:birch_fence":30,"minecraft:stick":72,"minecraft:stone_shovel":6,"minecraft:furnace":3,"minecraft:bone_meal":243,"born_in_chaos_v1:fried_maggot":15,"minecraft:stone_pickaxe":6,"minecraft:stone_axe":8,"born_in_chaos_v1:bone_heart":2,"minecraft:bread":1,"minecraft:air":0,"minecraft:oak_boat":1,"minecraft:white_wool":1,"minecraft:acacia_planks":16},"minecraft:picked_up":{"minecraft:iron_chestplate":3,"minecraft:wheat":25,"minecraft:black_carpet":8,"minecraft:potion":1,"minecraft:golden_shovel":1,"minecraft:raw_copper":79,"minecraft:string":16,"born_in_chaos_v1:mesh_door":1,"minecraft:armor_stand":1,"minecraft:iron_leggings":1,"minecraft:iron_boots":2,"minecraft:stick":8,"born_in_chaos_v1:shattered_skull":2,"born_in_chaos_v1:phantom_powder":2,"minecraft:acacia_log":4,"minecraft:porkchop":8,"born_in_chaos_v1:pileof_dark_metal":2,"minecraft:golden_chestplate":1,"minecraft:stone_sword":1,"minecraft:rotten_flesh":85,"graveyard:gray_urn":1,"graveyard:skull_on_pike":2,"minecraft:cobblestone":587,"minecraft:birch_log":127,"minecraft:feather":3,"minecraft:iron_door":1,"minecraft:black_bed":3,"minecraft:smoker":1,"securitycraft:reinforced_deepslate":18,"alexsmobs:bison_fur":2,"minecraft:flint":72,"minecraft:dirt":388,"minecraft:polished_granite":2,"minecraft:name_tag":2,"born_in_chaos_v1:monster_skin":6,"minecraft:bone":75,"minecraft:wheat_seeds":49,"minecraft:mossy_stone_bricks":3,"minecraft:bamboo":519,"minecraft:moss_block":14,"minecraft:oak_planks":15,"minecraft:cooked_porkchop":2,"graveyard:bone_dagger":2,"minecraft:sand":20,"sophisticatedbackpacks:iron_backpack":1,"minecraft:mossy_cobblestone":2,"minecraft:soul_lantern":10,"minecraft:writable_book":3,"minecraft:granite":2,"minecraft:bone_meal":72,"minecraft:emerald":4,"alexsmobs:maggot":2,"born_in_chaos_v1:rotten_fish":4,"minecraft:oak_sapling":3,"minecraft:crimson_roots":5,"minecraft:fishing_rod":1,"minecraft:charcoal":2,"minecraft:ladder":2,"minecraft:chicken":4,"born_in_chaos_v1:river_mint":1,"born_in_chaos_v1:seedof_chaos":2,"minecraft:leather_leggings":1,"minecraft:brown_mushroom":1,"minecraft:shield":1,"alexsmobs:shed_snake_skin":1,"minecraft:flint_and_steel":1,"born_in_chaos_v1:intoxicating_decoction":1,"minecraft:white_carpet":2,"minecraft:birch_fence":4,"graveyard:corruption":14,"graveyard:small_black_urn":2,"minecraft:beef":16,"minecraft:oak_boat":1,"minecraft:chest":2,"minecraft:birch_sapling":5,"minecraft:raw_iron":2,"minecraft:copper_ingot":1,"minecraft:spruce_fence":1,"minecraft:fire_charge":1,"born_in_chaos_v1:pieceofdarkmetal":1,"graveyard:small_cyan_urn":2,"minecraft:carrot":300,"minecraft:redstone":7,"minecraft:prismarine_crystals":3,"graveyard:torso_pile":2,"minecraft:tnt":1,"minecraft:arrow":14,"born_in_chaos_v1:wood_splitter_axe":1,"minecraft:gold_ingot":3,"minecraft:mutton":14,"minecraft:white_wool":2,"minecraft:bone_block":9,"born_in_chaos_v1:fused_bone":9,"born_in_chaos_v1:corpse_maggot":48,"born_in_chaos_v1:monster_flesh":9,"minecraft:golden_carrot":3,"minecraft:birch_planks":9,"graveyard:small_light_gray_urn":1,"minecraft:oak_log":57,"minecraft:lily_pad":23,"minecraft:nether_wart_block":5,"minecraft:gunpowder":2,"minecraft:cooked_mutton":5,"minecraft:gray_carpet":26,"minecraft:apple":1,"minecraft:stone_bricks":2,"minecraft:heart_of_the_sea":1,"minecraft:iron_ingot":21,"graveyard:bone_remains":1,"minecraft:stone_pickaxe":1,"minecraft:scaffolding":10,"minecraft:chiseled_stone_bricks":1,"born_in_chaos_v1:ethereal_spirit":7,"graveyard:ossuary":1,"graveyard:skeleton_hand":2,"minecraft:gravel":387,"minecraft:spruce_sapling":3,"minecraft:spruce_log":18,"minecraft:spider_eye":8,"alexsmobs:raw_catfish":9,"minecraft:slime_ball":7,"minecraft:iron_helmet":1,"minecraft:gray_wool":1,"minecraft:melon_seeds":4,"minecraft:coal":18},"minecraft:broken":{"minecraft:stone_pickaxe":2,"minecraft:stone_axe":8,"minecraft:stone_shovel":5,"born_in_chaos_v1:wood_splitter_axe":1}},"DataVersion":3465}