{"stats":{"minecraft:used":{"graveyard:skull_on_pike":2,"minecraft:writable_book":3,"minecraft:stone_sword":19,"minecraft:stone_shovel":22,"minecraft:ladder":2,"born_in_chaos_v1:intoxicating_decoction":1,"minecraft:chest":2,"minecraft:shield":8,"born_in_chaos_v1:fried_maggot":10,"minecraft:cooked_chicken":1,"minecraft:rotten_flesh":4,"minecraft:iron_chestplate":1,"graveyard:small_cyan_urn":1,"minecraft:dirt":20,"minecraft:carrot":107,"born_in_chaos_v1:corpse_maggot":1,"graveyard:gray_urn":1,"graveyard:torso_pile":2,"minecraft:wheat_seeds":10,"minecraft:cooked_mutton":5,"graveyard:bone_remains":1,"minecraft:leather_leggings":1,"minecraft:birch_planks":2,"minecraft:stone_pickaxe":85,"minecraft:oak_planks":90,"minecraft:leather_chestplate":1,"graveyard:ossuary":1,"graveyard:skeleton_hand":2,"minecraft:campfire":1,"minecraft:wooden_hoe":28,"born_in_chaos_v1:monster_flesh":1,"minecraft:chicken":4,"minecraft:bread":1,"minecraft:stone_axe":343,"minecraft:cooked_porkchop":2,"minecraft:porkchop":8,"born_in_chaos_v1:wood_splitter_axe":148,"alexsmobs:animal_dictionary":1,"minecraft:bone_meal":114},"minecraft:mined":{"graveyard:small_black_urn":1,"graveyard:gray_urn":1,"minecraft:spruce_trapdoor":1,"minecraft:ladder":2,"gravestone:gravestone":1,"minecraft:grass_block":20,"graveyard:tg_deepslate":5,"minecraft:redstone_wire":2,"minecraft:spawner":1,"minecraft:carrots":46,"minecraft:cobbled_deepslate":1,"minecraft:iron_ore":2,"minecraft:fire":1,"graveyard:ossuary":1,"minecraft:black_carpet":13,"minecraft:vine":1,"minecraft:iron_bars":5,"graveyard:small_brown_urn":1,"minecraft:stone":34,"minecraft:bone_block":4,"minecraft:spruce_slab":1,"minecraft:smoker":1,"graveyard:small_light_gray_urn":1,"minecraft:campfire":1,"minecraft:lectern":1,"minecraft:tall_grass":11,"minecraft:copper_ore":11,"graveyard:skeleton_hand":1,"minecraft:oak_planks":3,"minecraft:iron_door":1,"minecraft:birch_planks":7,"graveyard:vase_block":3,"minecraft:birch_log":109,"minecraft:wheat":10,"minecraft:birch_leaves":20,"born_in_chaos_v1:river_mint":1,"minecraft:black_bed":2,"minecraft:grass":29,"minecraft:oak_log":40,"minecraft:coal_ore":11,"minecraft:dirt":11,"minecraft:gray_carpet":29,"graveyard:small_cyan_urn":1,"born_in_chaos_v1:infernal_evil_pumpkin_s":1,"minecraft:stone_bricks":2,"minecraft:oak_leaves":6,"graveyard:bone_remains":1},"minecraft:killed":{"born_in_chaos_v1:zombie_lumberjack":1,"born_in_chaos_v1:restless_spirit":1,"minecraft:spider":7,"born_in_chaos_v1:siamese_skeletonsright":1,"born_in_chaos_v1:baby_skeleton_minion":2,"born_in_chaos_v1:maggot":9,"minecraft:skeleton":1,"graveyard:acolyte":8,"minecraft:chicken":4,"born_in_chaos_v1:corpse_fish":1,"minecraft:wolf":3,"minecraft:pig":3,"graveyard:ghoul":1,"born_in_chaos_v1:swarmer":3,"born_in_chaos_v1:decrepit_skeleton":2,"minecraft:sheep":1,"alexsmobs:catfish":1,"minecraft:zombie":7,"born_in_chaos_v1:dread_hound":4,"born_in_chaos_v1:corpse_fly":18,"born_in_chaos_v1:nightmare_stalker":1,"alexsmobs:fly":1,"minecraft:enderman":1,"born_in_chaos_v1:siamese_skeletonsleft":2},"minecraft:custom":{"minecraft:mob_kills":84,"minecraft:interact_with_crafting_table":11,"minecraft:open_barrel":6,"minecraft:interact_with_campfire":4,"minecraft:damage_dealt_resisted":204,"minecraft:leave_game":6,"minecraft:time_since_death":28551,"minecraft:climb_one_cm":5323,"minecraft:damage_resisted":70,"minecraft:sprint_one_cm":555662,"minecraft:walk_one_cm":912452,"minecraft:damage_blocked_by_shield":720,"minecraft:drop":34,"minecraft:talked_to_villager":4,"minecraft:play_time":184533,"minecraft:deaths":1,"minecraft:sneak_time":590,"minecraft:walk_under_water_one_cm":8164,"minecraft:jump":2412,"minecraft:interact_with_brewingstand":1,"minecraft:walk_on_water_one_cm":17109,"minecraft:total_world_time":184533,"minecraft:interact_with_furnace":17,"minecraft:interact_with_loom":2,"minecraft:sleep_in_bed":7,"minecraft:time_since_rest":26716,"minecraft:damage_taken":1964,"minecraft:damage_dealt":14103,"minecraft:swim_one_cm":40144,"minecraft:fly_one_cm":439422,"minecraft:open_chest":45,"minecraft:crouch_one_cm":1582,"minecraft:interact_with_smoker":1,"minecraft:fall_one_cm":42446,"minecraft:horse_one_cm":221},"minecraft:dropped":{"minecraft:birch_planks":1,"born_in_chaos_v1:fried_maggot":5,"born_in_chaos_v1:fused_bone":2,"minecraft:birch_log":108,"minecraft:white_wool":2,"minecraft:bone":2,"minecraft:stone_sword":1,"minecraft:rotten_flesh":7,"minecraft:oak_planks":16,"minecraft:carrot":68,"minecraft:gunpowder":9,"born_in_chaos_v1:corpse_maggot":6,"minecraft:leather_leggings":1,"born_in_chaos_v1:bone_heart":1},"minecraft:broken":{"minecraft:stone_axe":3,"born_in_chaos_v1:wood_splitter_axe":1},"minecraft:killed_by":{"apollyon:the_damned":1},"minecraft:crafted":{"minecraft:oak_planks":168,"minecraft:cooked_chicken":1,"minecraft:bone_meal":114,"minecraft:cooked_mutton":1,"born_in_chaos_v1:fried_maggot":15,"minecraft:chest":2,"minecraft:campfire":1,"born_in_chaos_v1:bone_heart":2,"minecraft:stone_axe":3,"minecraft:bread":1,"minecraft:air":0,"minecraft:wooden_hoe":1,"minecraft:white_wool":1,"minecraft:stick":12,"minecraft:acacia_planks":8},"minecraft:picked_up":{"minecraft:charcoal":2,"minecraft:iron_chestplate":2,"minecraft:black_carpet":8,"minecraft:wheat":5,"minecraft:ladder":2,"minecraft:leather_leggings":1,"minecraft:chicken":4,"born_in_chaos_v1:river_mint":1,"born_in_chaos_v1:seedof_chaos":2,"minecraft:shield":1,"minecraft:raw_copper":28,"minecraft:string":6,"minecraft:iron_leggings":1,"minecraft:armor_stand":1,"born_in_chaos_v1:intoxicating_decoction":1,"graveyard:corruption":14,"graveyard:small_black_urn":1,"minecraft:beef":8,"minecraft:birch_sapling":5,"minecraft:iron_boots":2,"minecraft:raw_iron":2,"minecraft:stick":6,"minecraft:acacia_log":2,"minecraft:spruce_fence":1,"minecraft:porkchop":8,"minecraft:carrot":147,"born_in_chaos_v1:pieceofdarkmetal":1,"graveyard:small_cyan_urn":1,"minecraft:redstone":7,"graveyard:torso_pile":2,"minecraft:stone_sword":1,"minecraft:arrow":2,"minecraft:rotten_flesh":41,"born_in_chaos_v1:wood_splitter_axe":1,"graveyard:gray_urn":1,"minecraft:mutton":11,"graveyard:skull_on_pike":2,"minecraft:white_wool":1,"minecraft:bone_block":9,"minecraft:cobblestone":40,"born_in_chaos_v1:fused_bone":6,"minecraft:birch_log":108,"born_in_chaos_v1:corpse_maggot":32,"minecraft:feather":3,"born_in_chaos_v1:monster_flesh":3,"minecraft:golden_carrot":3,"minecraft:iron_door":1,"minecraft:black_bed":2,"minecraft:smoker":1,"minecraft:birch_planks":8,"graveyard:small_light_gray_urn":1,"minecraft:oak_log":42,"minecraft:nether_wart_block":5,"minecraft:dirt":32,"minecraft:name_tag":1,"born_in_chaos_v1:monster_skin":2,"minecraft:cooked_mutton":5,"minecraft:bone":21,"minecraft:gray_carpet":26,"minecraft:stone_bricks":2,"minecraft:wheat_seeds":31,"graveyard:bone_remains":1,"minecraft:oak_planks":9,"minecraft:cooked_porkchop":2,"graveyard:bone_dagger":1,"born_in_chaos_v1:ethereal_spirit":2,"graveyard:ossuary":1,"graveyard:skeleton_hand":2,"minecraft:spider_eye":2,"minecraft:slime_ball":1,"minecraft:soul_lantern":5,"minecraft:writable_book":3,"minecraft:iron_helmet":1,"minecraft:bone_meal":7,"alexsmobs:maggot":2,"minecraft:melon_seeds":4,"minecraft:coal":11,"minecraft:crimson_roots":5}},"DataVersion":3465}