{"stats":{"minecraft:dropped":{"minecraft:birch_planks":1,"minecraft:stone_sword":1,"born_in_chaos_v1:fried_maggot":5,"minecraft:rotten_flesh":4,"minecraft:oak_planks":16,"minecraft:carrot":68,"born_in_chaos_v1:corpse_maggot":2,"born_in_chaos_v1:fused_bone":2,"born_in_chaos_v1:bone_heart":1,"minecraft:white_wool":2,"minecraft:bone":2},"minecraft:killed":{"minecraft:pig":3,"born_in_chaos_v1:zombie_lumberjack":1,"born_in_chaos_v1:restless_spirit":1,"born_in_chaos_v1:swarmer":2,"minecraft:spider":6,"born_in_chaos_v1:siamese_skeletonsright":1,"born_in_chaos_v1:baby_skeleton_minion":2,"born_in_chaos_v1:decrepit_skeleton":2,"born_in_chaos_v1:maggot":6,"minecraft:skeleton":1,"minecraft:sheep":1,"minecraft:zombie":6,"born_in_chaos_v1:dread_hound":4,"minecraft:chicken":4,"born_in_chaos_v1:corpse_fly":14,"born_in_chaos_v1:nightmare_stalker":1,"alexsmobs:fly":1,"minecraft:enderman":1,"born_in_chaos_v1:siamese_skeletonsleft":2},"minecraft:mined":{"minecraft:grass_block":20,"minecraft:campfire":1,"graveyard:skeleton_hand":1,"minecraft:tall_grass":11,"minecraft:copper_ore":11,"minecraft:oak_planks":3,"minecraft:birch_planks":7,"minecraft:birch_log":13,"minecraft:fire":1,"minecraft:carrots":46,"minecraft:iron_ore":2,"minecraft:wheat":10,"minecraft:birch_leaves":17,"graveyard:ossuary":1,"born_in_chaos_v1:river_mint":1,"minecraft:grass":26,"minecraft:coal_ore":11,"minecraft:oak_log":40,"minecraft:dirt":11,"graveyard:small_cyan_urn":1,"minecraft:oak_leaves":1,"minecraft:stone_bricks":2,"minecraft:stone":34,"minecraft:bone_block":4,"graveyard:bone_remains":1},"minecraft:custom":{"minecraft:interact_with_furnace":14,"minecraft:mob_kills":60,"minecraft:interact_with_crafting_table":9,"minecraft:open_barrel":2,"minecraft:interact_with_campfire":4,"minecraft:damage_dealt_resisted":182,"minecraft:leave_game":4,"minecraft:time_since_death":140714,"minecraft:sleep_in_bed":6,"minecraft:climb_one_cm":1836,"minecraft:damage_resisted":70,"minecraft:time_since_rest":51950,"minecraft:sprint_one_cm":414441,"minecraft:damage_taken":1170,"minecraft:walk_one_cm":727581,"minecraft:drop":26,"minecraft:damage_dealt":10157,"minecraft:swim_one_cm":21204,"minecraft:fly_one_cm":345443,"minecraft:open_chest":34,"minecraft:crouch_one_cm":1072,"minecraft:play_time":140714,"minecraft:sneak_time":448,"minecraft:walk_under_water_one_cm":5835,"minecraft:jump":1974,"minecraft:walk_on_water_one_cm":15384,"minecraft:total_world_time":140714,"minecraft:fall_one_cm":35671,"minecraft:horse_one_cm":221},"minecraft:used":{"minecraft:wheat_seeds":10,"minecraft:cooked_mutton":5,"graveyard:bone_remains":1,"graveyard:skull_on_pike":2,"minecraft:writable_book":3,"minecraft:stone_sword":19,"minecraft:birch_planks":2,"minecraft:stone_shovel":22,"minecraft:stone_pickaxe":66,"minecraft:oak_planks":90,"born_in_chaos_v1:intoxicating_decoction":1,"minecraft:chest":2,"graveyard:ossuary":1,"born_in_chaos_v1:fried_maggot":10,"minecraft:cooked_chicken":1,"minecraft:rotten_flesh":4,"graveyard:skeleton_hand":2,"graveyard:small_cyan_urn":1,"minecraft:dirt":20,"minecraft:carrot":83,"minecraft:campfire":1,"born_in_chaos_v1:corpse_maggot":1,"minecraft:wooden_hoe":28,"born_in_chaos_v1:monster_flesh":1,"minecraft:chicken":4,"minecraft:stone_axe":237,"graveyard:torso_pile":2,"minecraft:porkchop":8,"minecraft:cooked_porkchop":2,"born_in_chaos_v1:wood_splitter_axe":41,"alexsmobs:animal_dictionary":1,"minecraft:bone_meal":114},"minecraft:crafted":{"minecraft:oak_planks":168,"minecraft:cooked_chicken":1,"minecraft:bone_meal":114,"born_in_chaos_v1:bone_heart":2,"minecraft:campfire":1,"minecraft:stone_axe":3,"minecraft:cooked_mutton":1,"minecraft:air":0,"minecraft:white_wool":1,"minecraft:wooden_hoe":1,"born_in_chaos_v1:fried_maggot":15,"minecraft:stick":12,"minecraft:chest":2,"minecraft:acacia_planks":8},"minecraft:picked_up":{"born_in_chaos_v1:fused_bone":6,"minecraft:birch_log":13,"minecraft:charcoal":2,"born_in_chaos_v1:corpse_maggot":28,"minecraft:golden_carrot":3,"minecraft:wheat":5,"minecraft:feather":3,"born_in_chaos_v1:river_mint":1,"minecraft:chicken":4,"born_in_chaos_v1:monster_flesh":3,"born_in_chaos_v1:seedof_chaos":2,"minecraft:birch_planks":8,"minecraft:oak_log":42,"minecraft:dirt":32,"minecraft:string":6,"minecraft:raw_copper":28,"born_in_chaos_v1:monster_skin":2,"minecraft:cooked_mutton":5,"born_in_chaos_v1:intoxicating_decoction":1,"minecraft:bone":17,"minecraft:stone_bricks":2,"minecraft:wheat_seeds":31,"graveyard:bone_remains":1,"minecraft:birch_sapling":2,"minecraft:oak_planks":9,"minecraft:raw_iron":2,"minecraft:cooked_porkchop":2,"graveyard:ossuary":1,"minecraft:acacia_log":2,"born_in_chaos_v1:ethereal_spirit":2,"graveyard:skeleton_hand":2,"minecraft:porkchop":8,"born_in_chaos_v1:pieceofdarkmetal":1,"graveyard:small_cyan_urn":1,"minecraft:carrot":147,"minecraft:spider_eye":2,"graveyard:torso_pile":2,"minecraft:stone_sword":1,"minecraft:arrow":2,"minecraft:rotten_flesh":28,"minecraft:slime_ball":1,"born_in_chaos_v1:wood_splitter_axe":1,"minecraft:writable_book":3,"alexsmobs:maggot":2,"minecraft:bone_block":9,"graveyard:skull_on_pike":2,"minecraft:mutton":1,"minecraft:coal":11,"minecraft:white_wool":1,"minecraft:cobblestone":40},"minecraft:broken":{"minecraft:stone_axe":2}},"DataVersion":3465}