{"stats":{"minecraft:dropped":{"minecraft:wheat_seeds":2,"minecraft:crafting_table":2,"minecraft:coal":20,"born_in_chaos_v1:gnawed_bones":1,"alexsmobs:cooked_lobster_tail":2,"minecraft:pumpkin":1,"minecraft:string":4,"minecraft:smooth_basalt":3,"minecraft:gravel":44,"minecraft:cooked_chicken":4,"minecraft:cobbled_deepslate":62,"minecraft:raw_copper":4,"minecraft:birch_sapling":9,"born_in_chaos_v1:rotten_fish":2,"minecraft:rotten_flesh":3,"minecraft:oak_sign":1,"minecraft:oak_sapling":24},"minecraft:killed":{"alexsmobs:lobster":3,"minecraft:spider":1,"born_in_chaos_v1:maggot":3,"minecraft:chicken":5,"minecraft:drowned":1,"born_in_chaos_v1:corpse_fish":2,"minecraft:pig":1,"born_in_chaos_v1:decrepit_skeleton":1,"alexsmobs:catfish":4,"minecraft:zombie":3,"born_in_chaos_v1:dread_hound":1,"minecraft:cow":1},"minecraft:killed_by":{"minecraft:witch":1},"minecraft:mined":{"minecraft:spruce_planks":1,"minecraft:white_bed":1,"minecraft:purple_candle":1,"gravestone:gravestone":1,"minecraft:grass_block":57,"born_in_chaos_v1:black_argillite":40,"born_in_chaos_v1:black_argillite_column":4,"minecraft:tall_seagrass":4,"minecraft:iron_ore":12,"born_in_chaos_v1:black_argillite_brick_slab":9,"born_in_chaos_v1:black_argillite_brick_stairs":1,"minecraft:potted_red_mushroom":1,"minecraft:pumpkin":1,"minecraft:peony":15,"minecraft:oak_sign":2,"minecraft:deepslate_iron_ore":8,"minecraft:vine":1,"minecraft:blue_orchid":10,"minecraft:stone":308,"minecraft:birch_stairs":3,"born_in_chaos_v1:carved_black_argillite":1,"minecraft:crafting_table":3,"minecraft:torch":15,"minecraft:chest":2,"born_in_chaos_v1:black_argillite_column_slab":2,"minecraft:glass":1,"minecraft:copper_ore":1,"minecraft:cobblestone":11,"born_in_chaos_v1:chipped_black_argillite_brick":3,"minecraft:lapis_ore":4,"minecraft:sugar_cane":3,"minecraft:diorite":42,"minecraft:wall_torch":8,"minecraft:cauldron":1,"minecraft:birch_planks":7,"minecraft:birch_log":67,"minecraft:birch_leaves":20,"born_in_chaos_v1:black_argillite_brick":4,"minecraft:grass":5,"minecraft:oak_log":122,"minecraft:coal_ore":122,"minecraft:gravel":25,"minecraft:dirt":68,"minecraft:smooth_basalt":1,"minecraft:oak_leaves":51,"minecraft:deepslate":81},"minecraft:custom":{"minecraft:mob_kills":26,"minecraft:interact_with_crafting_table":15,"minecraft:leave_game":10,"minecraft:time_since_death":144832,"minecraft:climb_one_cm":735,"minecraft:sprint_one_cm":73292,"minecraft:walk_one_cm":533445,"minecraft:drop":26,"minecraft:play_time":151631,"minecraft:deaths":1,"minecraft:sneak_time":5243,"minecraft:walk_under_water_one_cm":42769,"minecraft:jump":894,"minecraft:walk_on_water_one_cm":59229,"minecraft:total_world_time":151631,"minecraft:interact_with_furnace":7,"minecraft:sleep_in_bed":3,"minecraft:time_since_rest":96234,"minecraft:damage_taken":590,"minecraft:damage_dealt":3373,"minecraft:swim_one_cm":60775,"minecraft:fly_one_cm":35965,"minecraft:open_chest":23,"minecraft:crouch_one_cm":9417,"minecraft:fall_one_cm":4836},"minecraft:used":{"minecraft:stone_sword":67,"minecraft:purple_candle":2,"minecraft:stone_shovel":144,"minecraft:oak_sign":1,"minecraft:chest":5,"minecraft:torch":38,"minecraft:dirt":37,"minecraft:glass":64,"minecraft:furnace":1,"alexsmobs:raw_catfish":9,"minecraft:diorite":43,"minecraft:birch_planks":14,"minecraft:stone_pickaxe":656,"minecraft:cauldron":1,"minecraft:crafting_table":3,"minecraft:white_bed":1,"minecraft:birch_fence":2,"minecraft:flower_pot":1,"minecraft:apple":9,"minecraft:chicken":2,"minecraft:gravel":88,"minecraft:stone_axe":290,"minecraft:cobblestone":212,"alexsmobs:animal_dictionary":2,"minecraft:birch_stairs":3},"minecraft:crafted":{"minecraft:oak_planks":80,"minecraft:stone_shovel":1,"minecraft:oak_sign":3,"minecraft:cooked_chicken":4,"minecraft:furnace":1,"minecraft:pink_dye":18,"minecraft:stone_pickaxe":7,"minecraft:chest":3,"alexsmobs:cooked_catfish":7,"alexsmobs:cooked_lobster_tail":2,"minecraft:crafting_table":1,"minecraft:birch_planks":72,"minecraft:stone_axe":2,"minecraft:air":0,"minecraft:birch_fence":3,"minecraft:stick":16,"minecraft:light_blue_dye":11,"minecraft:torch":24},"minecraft:picked_up":{"minecraft:crafting_table":5,"minecraft:chicken":5,"minecraft:flower_pot":1,"born_in_chaos_v1:seedof_chaos":1,"minecraft:brown_mushroom":1,"gravestone:obituary":2,"minecraft:shield":1,"born_in_chaos_v1:black_argillite":44,"minecraft:string":4,"minecraft:raw_copper":4,"minecraft:oak_sign":2,"minecraft:blue_orchid":11,"minecraft:cobbled_deepslate":62,"minecraft:spruce_planks":1,"minecraft:beef":1,"born_in_chaos_v1:gnawed_bones":1,"minecraft:sugar_cane":6,"minecraft:chest":2,"minecraft:birch_sapling":9,"minecraft:stick":44,"minecraft:raw_iron":20,"minecraft:torch":26,"minecraft:porkchop":2,"minecraft:diorite":43,"born_in_chaos_v1:pieceofdarkmetal":1,"minecraft:cauldron":1,"minecraft:rotten_flesh":4,"minecraft:purple_candle":2,"minecraft:peony":9,"alexsmobs:lobster_tail":2,"minecraft:bone_block":3,"minecraft:cobblestone":331,"minecraft:birch_log":67,"born_in_chaos_v1:black_argillite_column_slab":4,"minecraft:feather":11,"minecraft:leather":11,"minecraft:red_mushroom":2,"minecraft:birch_planks":6,"minecraft:flint":3,"minecraft:oak_log":122,"minecraft:lapis_lazuli":24,"minecraft:dirt":117,"minecraft:bone":2,"minecraft:apple":9,"minecraft:wheat_seeds":3,"minecraft:raw_gold":1,"minecraft:stone_pickaxe":1,"minecraft:oak_planks":1,"minecraft:smooth_basalt":3,"minecraft:pumpkin":1,"minecraft:gravel":132,"minecraft:birch_stairs":3,"minecraft:white_bed":1,"alexsmobs:animal_dictionary":1,"alexsmobs:raw_catfish":16,"born_in_chaos_v1:fire_dust":2,"born_in_chaos_v1:rotten_fish":2,"minecraft:oak_sapling":68,"minecraft:coal":140},"minecraft:broken":{"minecraft:stone_pickaxe":5,"minecraft:stone_axe":2}},"DataVersion":3465}