{"stats":{"minecraft:dropped":{"minecraft:birch_planks":1,"minecraft:dripstone_block":1,"minecraft:dark_oak_slab":2,"minecraft:cyan_terracotta":6,"minecraft:dirt":3,"born_in_chaos_v1:gnawed_bones":1,"minecraft:gray_wool":1,"minecraft:seagrass":3,"minecraft:brown_wool":1,"gravestone:obituary":2,"minecraft:white_banner":2,"minecraft:iron_shovel":2,"minecraft:gravel":2,"minecraft:bricks":3,"minecraft:birch_sapling":1,"minecraft:light_gray_wool":1,"minecraft:clay_ball":8,"minecraft:white_terracotta":1,"minecraft:red_terracotta":1,"minecraft:peony":1,"minecraft:oak_sapling":1,"minecraft:andesite":1,"born_in_chaos_v1:corpse_maggot":10,"minecraft:black_wool":1},"minecraft:killed":{"born_in_chaos_v1:zombie_lumberjack":1,"minecraft:spider":4,"minecraft:zombie_horse":1,"born_in_chaos_v1:zombie_bruiser":2,"born_in_chaos_v1:maggot":8,"minecraft:skeleton":2,"minecraft:drowned":1,"minecraft:skeleton_horse":1,"born_in_chaos_v1:barrel_zombie":1,"born_in_chaos_v1:fallen_chaos_knight":1,"minecraft:pig":18,"graveyard:ghoul":1,"alexsmobs:grizzly_bear":1,"minecraft:salmon":1,"creeperoverhaul:spruce_creeper":1,"minecraft:squid":1,"born_in_chaos_v1:decrepit_skeleton":2,"minecraft:sheep":10,"alexsmobs:catfish":2,"minecraft:pillager":14,"minecraft:zombie":6,"born_in_chaos_v1:dread_hound":3,"born_in_chaos_v1:corpse_fly":2,"minecraft:stray":9,"alexsmobs:crow":1,"minecraft:cow":5},"minecraft:killed_by":{"minecraft:stray":1},"minecraft:mined":{"minecraft:white_bed":9,"minecraft:dark_oak_log":3,"gravestone:gravestone":1,"minecraft:grass_block":9,"minecraft:weeping_vines":1,"minecraft:redstone_wire":1,"minecraft:coal_block":5,"minecraft:spruce_leaves":22,"minecraft:spawner":7,"minecraft:large_fern":1,"minecraft:furnace":3,"minecraft:iron_ore":9,"minecraft:andesite":1,"minecraft:peony":1,"minecraft:gold_block":1,"minecraft:stone":52,"minecraft:cyan_terracotta":6,"minecraft:stone_brick_slab":1,"graveyard:small_light_gray_urn":1,"minecraft:crafting_table":8,"minecraft:torch":1,"minecraft:mud_brick_stairs":1,"minecraft:copper_ore":32,"minecraft:cobblestone":1,"minecraft:oak_planks":3,"minecraft:sugar_cane":1,"minecraft:bricks":3,"minecraft:white_terracotta":1,"minecraft:birch_planks":3,"minecraft:red_terracotta":1,"graveyard:vase_block":3,"minecraft:dark_oak_slab":1,"minecraft:birch_leaves":10,"minecraft:spruce_log":13,"minecraft:grass":2,"minecraft:oak_log":4,"minecraft:coal_ore":70,"minecraft:gravel":2,"minecraft:dripstone_block":1,"minecraft:dirt":1,"minecraft:cobweb":18,"minecraft:oak_leaves":25,"minecraft:fern":1},"minecraft:custom":{"minecraft:mob_kills":107,"minecraft:interact_with_crafting_table":13,"minecraft:open_barrel":28,"minecraft:damage_dealt_resisted":24,"minecraft:leave_game":4,"minecraft:time_since_death":102435,"minecraft:climb_one_cm":2725,"minecraft:sprint_one_cm":336473,"minecraft:walk_one_cm":280214,"minecraft:damage_blocked_by_shield":2730,"minecraft:drop":32,"minecraft:play_time":131222,"minecraft:deaths":1,"minecraft:sneak_time":9015,"minecraft:walk_under_water_one_cm":12977,"minecraft:interact_with_lectern":1,"minecraft:jump":1843,"minecraft:walk_on_water_one_cm":16069,"minecraft:total_world_time":131222,"minecraft:interact_with_furnace":46,"minecraft:interact_with_loom":1,"minecraft:sleep_in_bed":12,"minecraft:time_since_rest":8579,"minecraft:damage_taken":1869,"minecraft:damage_dealt":15193,"minecraft:swim_one_cm":38423,"minecraft:fly_one_cm":277310,"minecraft:open_chest":22,"minecraft:crouch_one_cm":24537,"minecraft:fall_one_cm":51020},"minecraft:used":{"minecraft:stone_sword":415,"minecraft:shield":73,"minecraft:torch":2,"minecraft:dirt":7,"minecraft:mutton":5,"born_in_chaos_v1:smoked_flesh":11,"minecraft:furnace":3,"minecraft:cooked_beef":3,"alexsmobs:raw_catfish":1,"minecraft:cooked_mutton":5,"minecraft:leather_leggings":1,"minecraft:spruce_door":1,"minecraft:stone_pickaxe":200,"minecraft:leather_boots":1,"minecraft:crafting_table":8,"minecraft:white_bed":9,"minecraft:dripstone_block":1,"minecraft:bread":3,"minecraft:iron_pickaxe":1,"minecraft:spruce_sapling":1,"minecraft:stone_axe":51,"minecraft:porkchop":1,"minecraft:cooked_porkchop":11,"alexsmobs:animal_dictionary":2,"minecraft:cobweb":6},"minecraft:crafted":{"minecraft:oak_planks":24,"minecraft:furnace":1,"minecraft:cooked_mutton":12,"minecraft:bow":2,"minecraft:stone_pickaxe":1,"minecraft:chest":1,"minecraft:dark_oak_planks":12,"minecraft:cooked_beef":11,"minecraft:crossbow":2,"sophisticatedbackpacks:backpack":1,"minecraft:cooked_porkchop":24,"minecraft:crafting_table":1,"minecraft:spruce_planks":52,"minecraft:spruce_door":3,"minecraft:copper_ingot":5,"minecraft:stone_axe":1,"minecraft:bread":3,"minecraft:air":0,"minecraft:shield":1,"minecraft:stick":40,"minecraft:iron_ingot":5,"minecraft:iron_pickaxe":1,"minecraft:stone_sword":3,"minecraft:white_bed":1,"minecraft:torch":28},"minecraft:picked_up":{"minecraft:seagrass":3,"minecraft:crafting_table":8,"minecraft:clay_ball":8,"born_in_chaos_v1:seedof_chaos":1,"minecraft:gold_block":1,"minecraft:enchanted_book":1,"gravestone:obituary":1,"minecraft:string":28,"minecraft:raw_copper":107,"minecraft:iron_shovel":2,"minecraft:beef":11,"born_in_chaos_v1:gnawed_bones":1,"minecraft:light_gray_wool":1,"minecraft:coal_block":5,"minecraft:sugar_cane":3,"minecraft:birch_sapling":1,"minecraft:furnace":3,"minecraft:tipped_arrow":4,"minecraft:raw_iron":9,"minecraft:stick":2,"minecraft:torch":1,"born_in_chaos_v1:pileof_dark_metal":1,"minecraft:porkchop":38,"minecraft:redstone":6,"minecraft:arrow":14,"minecraft:rotten_flesh":29,"minecraft:peony":1,"minecraft:cyan_terracotta":6,"minecraft:white_terracotta":1,"minecraft:mutton":17,"minecraft:white_wool":5,"minecraft:cobblestone":53,"born_in_chaos_v1:corpse_maggot":10,"born_in_chaos_v1:monster_flesh":1,"minecraft:salmon":1,"minecraft:andesite":1,"minecraft:leather":6,"minecraft:brown_wool":1,"minecraft:birch_planks":3,"graveyard:small_light_gray_urn":1,"minecraft:oak_log":6,"minecraft:gunpowder":9,"minecraft:dirt":10,"minecraft:white_banner":2,"born_in_chaos_v1:monster_skin":2,"minecraft:bone":13,"minecraft:bow":3,"minecraft:raw_gold":4,"minecraft:cobweb":4,"minecraft:moss_block":1,"minecraft:oak_planks":3,"minecraft:dark_oak_slab":3,"minecraft:stone_brick_slab":1,"minecraft:dripstone_block":2,"minecraft:gravel":2,"minecraft:spruce_sapling":1,"minecraft:ink_sac":3,"minecraft:white_bed":9,"minecraft:spruce_log":13,"minecraft:dark_oak_log":3,"minecraft:red_terracotta":1,"minecraft:spider_eye":1,"alexsmobs:raw_catfish":1,"minecraft:crossbow":3,"minecraft:gray_wool":1,"minecraft:oak_sapling":1,"minecraft:black_wool":1,"minecraft:bricks":3,"minecraft:coal":127},"minecraft:broken":{"minecraft:stone_sword":3,"minecraft:stone_pickaxe":1,"minecraft:shield":1}},"DataVersion":3465}