{"stats":{"minecraft:mined":{"minecraft:grass":1,"minecraft:oak_leaves":1},"minecraft:dropped":{"minecraft:wheat_seeds":1},"minecraft:picked_up":{"minecraft:wheat_seeds":1},"minecraft:custom":{"minecraft:jump":78,"minecraft:time_since_rest":7353,"minecraft:walk_on_water_one_cm":2403,"minecraft:sprint_one_cm":4113,"minecraft:leave_game":3,"minecraft:play_time":7353,"minecraft:damage_taken":185,"minecraft:time_since_death":7353,"minecraft:walk_one_cm":2685,"minecraft:climb_one_cm":521,"minecraft:total_world_time":7353,"minecraft:walk_under_water_one_cm":1121,"minecraft:swim_one_cm":1210,"minecraft:drop":1,"minecraft:fall_one_cm":3107,"minecraft:fly_one_cm":17391}},"DataVersion":3465}