{"stats":{"minecraft:mined":{"born_in_chaos_v1:black_argillite_column":11,"minecraft:chain":1,"born_in_chaos_v1:black_argillite_brick_slab":46,"born_in_chaos_v1:fired_black_argillite":7,"born_in_chaos_v1:carved_black_argillite":7,"born_in_chaos_v1:black_argillite_brick_stairs":15,"minecraft:pumpkin":4,"born_in_chaos_v1:black_argillite_brick":3,"minecraft:grass":1,"minecraft:dead_bush":1,"born_in_chaos_v1:black_argillite_column_slab":26,"born_in_chaos_v1:chipped_black_argillite_brick":1,"born_in_chaos_v1:black_argillite_wall":8},"minecraft:used":{"minecraft:stone_pickaxe":129,"minecraft:stone_axe":4},"minecraft:custom":{"minecraft:time_since_rest":19040,"minecraft:sprint_one_cm":19236,"minecraft:walk_one_cm":50962,"minecraft:swim_one_cm":1811,"minecraft:fly_one_cm":16355,"minecraft:open_chest":1,"minecraft:crouch_one_cm":19,"minecraft:play_time":19040,"minecraft:sneak_time":4,"minecraft:walk_under_water_one_cm":175,"minecraft:jump":159,"minecraft:leave_game":1,"minecraft:walk_on_water_one_cm":3884,"minecraft:time_since_death":19040,"minecraft:climb_one_cm":2491,"minecraft:total_world_time":19040,"minecraft:fall_one_cm":1103},"minecraft:picked_up":{"minecraft:stick":2,"minecraft:smooth_basalt":2,"born_in_chaos_v1:black_argillite_column_slab":32,"minecraft:pumpkin":4,"born_in_chaos_v1:carved_black_argillite":8,"born_in_chaos_v1:black_argillitepressureplate":15,"born_in_chaos_v1:black_argillite_wall":8,"minecraft:chain":1,"born_in_chaos_v1:black_argillite_button":11,"born_in_chaos_v1:fired_black_argillite":7,"born_in_chaos_v1:black_argillite_brick_stairs":16,"minecraft:dirt":3,"born_in_chaos_v1:black_argillite_column":15,"minecraft:string":2,"born_in_chaos_v1:black_argillite_brick":7,"born_in_chaos_v1:black_argillite_brick_slab":70,"minecraft:cobbled_deepslate":62,"born_in_chaos_v1:chipped_black_argillite_brick":4}},"DataVersion":3465}