{"stats":{"minecraft:dropped":{"minecraft:glass_bottle":1,"minecraft:apple":1,"minecraft:granite":1,"minecraft:stick":8,"minecraft:torch":1,"alexsmobs:cooked_catfish":1,"minecraft:phantom_membrane":3,"minecraft:spruce_sapling":1,"minecraft:sweet_berries":12,"minecraft:sugar_cane":7,"minecraft:raw_copper":2,"minecraft:oak_sign":1,"minecraft:rabbit_hide":1,"minecraft:leather_chestplate":1,"minecraft:redstone_torch":1,"minecraft:iron_bars":4},"minecraft:killed":{"born_in_chaos_v1:zombie_lumberjack":1,"born_in_chaos_v1:zombie_clown_not_despawn":1,"minecraft:spider":5,"born_in_chaos_v1:zombie_bruiser":2,"born_in_chaos_v1:baby_skeleton_minion":5,"born_in_chaos_v1:maggot":14,"minecraft:skeleton":1,"alexsmobs:tusklin":3,"born_in_chaos_v1:fallen_chaos_knight":1,"born_in_chaos_v1:bonescaller":1,"born_in_chaos_v1:diamond_termite":1,"born_in_chaos_v1:swarmer":1,"born_in_chaos_v1:decrepit_skeleton":1,"alexsmobs:catfish":1,"born_in_chaos_v1:zombie_fisherman":1,"minecraft:zombie":2,"born_in_chaos_v1:corpse_fly":4,"minecraft:cow":1},"minecraft:mined":{"minecraft:white_bed":1,"minecraft:spruce_planks":16,"sophisticatedbackpacks:gold_backpack":1,"minecraft:brewing_stand":2,"minecraft:granite":3,"minecraft:grass_block":3,"born_in_chaos_v1:black_argillite":2,"graveyard:tg_deepslate":2,"minecraft:spruce_leaves":37,"minecraft:large_fern":1,"minecraft:hay_block":6,"minecraft:tall_seagrass":1,"minecraft:spruce_sapling":20,"minecraft:furnace":3,"minecraft:carrots":1,"minecraft:iron_ore":29,"minecraft:cobbled_deepslate":3,"minecraft:fletching_table":1,"minecraft:polished_deepslate":1,"minecraft:bookshelf":4,"minecraft:water_cauldron":2,"minecraft:dirt_path":8,"minecraft:iron_bars":4,"minecraft:stone":16,"minecraft:light_gray_carpet":1,"minecraft:red_bed":2,"minecraft:dandelion":1,"minecraft:spruce_door":2,"minecraft:crafting_table":3,"minecraft:chest":1,"minecraft:lectern":1,"minecraft:copper_ore":1,"graveyard:skeleton_hand":1,"minecraft:deepslate_gold_ore":1,"graveyard:lying_skeleton":1,"minecraft:sugar_cane":6,"minecraft:sweet_berry_bush":10,"minecraft:ice":4,"minecraft:white_carpet":2,"minecraft:spruce_log":103,"graveyard:skull_pile":1,"minecraft:grass":5,"minecraft:coal_ore":35,"minecraft:oak_log":24,"minecraft:gravel":12,"graveyard:leaning_skeleton":2,"minecraft:dirt":7,"minecraft:stonecutter":1,"minecraft:stone_bricks":2,"minecraft:gold_ore":6,"minecraft:oak_leaves":7,"minecraft:fern":1},"minecraft:used":{"minecraft:writable_book":1,"minecraft:stone_sword":85,"born_in_chaos_v1:intoxicating_decoction":1,"minecraft:spruce_planks":64,"minecraft:chest":6,"minecraft:shield":12,"minecraft:torch":24,"minecraft:brewing_stand":1,"minecraft:dirt":18,"minecraft:carrot":2,"minecraft:granite":2,"born_in_chaos_v1:corpse_maggot":3,"born_in_chaos_v1:smoked_flesh":3,"minecraft:iron_axe":1,"minecraft:iron_boots":1,"minecraft:stone_bricks":2,"minecraft:sweet_berries":13,"minecraft:furnace":2,"minecraft:cooked_beef":2,"minecraft:cobbled_deepslate":5,"sophisticatedbackpacks:gold_backpack":1,"alexsmobs:raw_catfish":1,"minecraft:water_bucket":1,"alexsmobs:cooked_catfish":5,"minecraft:spruce_door":1,"minecraft:stone_pickaxe":116,"minecraft:oak_planks":11,"minecraft:fletching_table":2,"minecraft:glow_berries":3,"minecraft:crafting_table":4,"minecraft:red_bed":2,"minecraft:white_bed":1,"born_in_chaos_v1:holiday_candy":4,"minecraft:spruce_log":4,"minecraft:bread":29,"minecraft:iron_pickaxe":8,"minecraft:spruce_sapling":26,"minecraft:gravel":10,"minecraft:stone_axe":296,"minecraft:cobblestone":7,"minecraft:potion":1,"minecraft:cooked_porkchop":7,"minecraft:bucket":2,"alexsmobs:animal_dictionary":3,"minecraft:bone_meal":147},"minecraft:custom":{"minecraft:interact_with_smithing_table":1,"minecraft:mob_kills":46,"minecraft:interact_with_crafting_table":18,"minecraft:bell_ring":46,"minecraft:damage_dealt_resisted":856,"minecraft:eat_cake_slice":2,"minecraft:leave_game":4,"minecraft:time_since_death":117525,"minecraft:climb_one_cm":2345,"minecraft:sprint_one_cm":293086,"minecraft:walk_one_cm":258063,"minecraft:damage_blocked_by_shield":1280,"minecraft:drop":18,"minecraft:talked_to_villager":26,"minecraft:play_time":117525,"minecraft:sneak_time":676,"minecraft:walk_under_water_one_cm":5683,"minecraft:interact_with_lectern":3,"minecraft:interact_with_brewingstand":2,"minecraft:jump":2338,"minecraft:walk_on_water_one_cm":20347,"minecraft:total_world_time":117525,"minecraft:interact_with_furnace":21,"minecraft:traded_with_villager":22,"minecraft:sleep_in_bed":10,"minecraft:time_since_rest":12320,"minecraft:damage_taken":2614,"minecraft:damage_dealt":7663,"minecraft:fly_one_cm":731571,"minecraft:swim_one_cm":12765,"minecraft:open_chest":71,"minecraft:crouch_one_cm":2700,"minecraft:fall_one_cm":35164},"minecraft:crafted":{"minecraft:oak_planks":96,"minecraft:bone_meal":147,"minecraft:iron_boots":1,"minecraft:iron_axe":1,"minecraft:chest":5,"alexsmobs:cooked_catfish":5,"minecraft:wheat":54,"minecraft:cooked_beef":2,"minecraft:emerald":22,"minecraft:cooked_porkchop":10,"minecraft:crafting_table":2,"minecraft:spruce_planks":384,"minecraft:fletching_table":1,"minecraft:bucket":1,"minecraft:bread":19,"minecraft:air":0,"minecraft:jungle_planks":4,"minecraft:shield":1,"minecraft:stick":784,"minecraft:iron_ingot":14,"minecraft:iron_pickaxe":1,"minecraft:torch":12},"minecraft:picked_up":{"sophisticatedbackpacks:gold_backpack":2,"minecraft:crafting_table":3,"born_in_chaos_v1:seedof_chaos":3,"minecraft:lead":2,"minecraft:brewing_stand":2,"born_in_chaos_v1:black_argillite":2,"alexsmobs:cooked_catfish":1,"minecraft:string":5,"minecraft:red_bed":2,"minecraft:raw_copper":2,"minecraft:white_carpet":5,"born_in_chaos_v1:intoxicating_decoction":2,"minecraft:oak_sign":1,"minecraft:cobbled_deepslate":5,"minecraft:spruce_planks":16,"minecraft:beef":2,"minecraft:redstone_torch":1,"minecraft:lectern":1,"minecraft:sugar_cane":11,"minecraft:chest":1,"minecraft:furnace":3,"minecraft:stick":16,"minecraft:raw_iron":28,"minecraft:torch":2,"minecraft:porkchop":10,"born_in_chaos_v1:pieceofdarkmetal":5,"minecraft:carrot":4,"minecraft:cauldron":2,"minecraft:arrow":2,"minecraft:rotten_flesh":19,"minecraft:hay_block":6,"minecraft:iron_bars":4,"minecraft:cobblestone":23,"born_in_chaos_v1:corpse_maggot":6,"minecraft:leather_chestplate":1,"minecraft:golden_carrot":1,"minecraft:jungle_log":1,"minecraft:golden_leggings":1,"minecraft:flint":2,"minecraft:oak_log":24,"minecraft:dirt":18,"minecraft:bone":24,"minecraft:apple":1,"minecraft:stone_bricks":2,"minecraft:bow":1,"minecraft:stonecutter":1,"minecraft:raw_gold":7,"minecraft:iron_ingot":2,"minecraft:fletching_table":1,"minecraft:book":12,"minecraft:sweet_berries":23,"minecraft:dandelion":1,"minecraft:gravel":10,"minecraft:spruce_sapling":27,"minecraft:white_bed":1,"minecraft:spruce_log":100,"minecraft:spider_eye":1,"minecraft:spruce_door":2,"alexsmobs:raw_catfish":6,"minecraft:slime_ball":1,"minecraft:granite":3,"minecraft:spruce_sign":1,"born_in_chaos_v1:rotten_fish":2,"minecraft:oak_sapling":1,"minecraft:light_gray_carpet":1,"minecraft:coal":49},"minecraft:broken":{"minecraft:leather_boots":1,"minecraft:stone_axe":3}},"DataVersion":3465}