{"stats":{"minecraft:used":{"apollyon:the_infector_spawn_egg":1,"apollyon:the_damned_spawn_egg":6,"minecraft:moss_block":1,"alexsmobs:spawn_egg_skunk":1,"minecraft:iron_bars":1,"minecraft:stone_sword":28,"alexsmobs:spawn_egg_mudskipper":1,"minecraft:stone_shovel":54,"born_in_chaos_v1:intoxicating_decoction":1,"minecraft:black_carpet":1,"minecraft:chest":1,"graveyard:oak_coffin":1,"minecraft:torch":5,"minecraft:dirt":12,"securitycraft:reinforced_deepslate_bricks":333,"alexsmobs:spawn_egg_skelewag":1,"minecraft:crimson_hyphae":95,"minecraft:carrot":24,"securitycraft:reinforced_crimson_hyphae":9,"born_in_chaos_v1:corpse_maggot":3,"born_in_chaos_v1:sharpened_dark_metal_sword":9,"minecraft:grass_block":5,"minecraft:barrel":2,"born_in_chaos_v1:nightmare_stalker_skull":1,"minecraft:glowstone":4,"minecraft:golden_carrot":2,"minecraft:bow":14,"minecraft:furnace":1,"minecraft:gold_block":6,"alexsmobs:spawn_egg_roadrunner":1,"minecraft:birch_leaves":2,"minecraft:stone_pickaxe":16,"minecraft:wooden_pickaxe":22,"minecraft:deepslate_bricks":12,"alexsmobs:spawn_egg_skreecher":1,"minecraft:crafting_table":3,"securitycraft:universal_block_remover":2,"minecraft:spruce_log":111,"minecraft:oak_log":19,"minecraft:apple":1,"born_in_chaos_v1:monster_flesh":1,"minecraft:gravel":2,"minecraft:stone_axe":16,"alexsmobs:spawn_egg_frilled_shark":2,"minecraft:stripped_crimson_hyphae":5,"securitycraft:reinforced_gold_block":2,"minecraft:birch_log":1,"minecraft:oak_boat":1,"alexsmobs:animal_dictionary":2,"alexsmobs:spawn_egg_cosmic_cod":1},"minecraft:mined":{"gravestone:gravestone":11,"minecraft:grass_block":55,"minecraft:large_fern":2,"graveyard:small_light_blue_urn":1,"minecraft:furnace":1,"graveyard:tg_moss_block":1,"minecraft:iron_ore":5,"minecraft:fire":11,"minecraft:stone":28,"minecraft:crafting_table":2,"minecraft:chest":1,"graveyard:tg_grass_block":1,"minecraft:diorite":1,"minecraft:grass":1,"graveyard:creeper_skeleton":1,"minecraft:oak_log":18,"minecraft:gravel":2,"minecraft:dirt":4,"minecraft:cobweb":2,"minecraft:stone_bricks":1,"minecraft:oak_leaves":3},"minecraft:killed":{"born_in_chaos_v1:maggot":4,"creeperoverhaul:snowy_creeper":1,"minecraft:skeleton":2,"insanity:mirage":1,"alexsmobs:skreecher":1,"alexsmobs:skelewag":1,"alexsmobs:frilled_shark":1,"alexsmobs:mudskipper":1,"minecraft:zombie":4,"born_in_chaos_v1:corpse_fly":1,"minecraft:cow":1},"minecraft:custom":{"minecraft:mob_kills":21,"minecraft:interact_with_crafting_table":8,"minecraft:open_barrel":14,"minecraft:damage_dealt_resisted":64,"minecraft:leave_game":19,"minecraft:time_since_death":7042,"minecraft:climb_one_cm":5374,"minecraft:damage_resisted":5120,"minecraft:sprint_one_cm":357668,"minecraft:walk_one_cm":221664,"minecraft:drop":108,"minecraft:damage_dealt_absorbed":4,"minecraft:play_time":235766,"minecraft:deaths":9,"minecraft:sneak_time":5530,"minecraft:walk_under_water_one_cm":13933,"minecraft:boat_one_cm":29745,"minecraft:jump":4751,"minecraft:walk_on_water_one_cm":12467,"minecraft:total_world_time":235766,"minecraft:interact_with_furnace":8,"minecraft:time_since_rest":7095,"minecraft:damage_taken":255762,"minecraft:damage_dealt":3196,"minecraft:swim_one_cm":18831,"minecraft:fly_one_cm":1815888,"minecraft:open_chest":19,"minecraft:crouch_one_cm":13058,"minecraft:fall_one_cm":92170},"minecraft:dropped":{"minecraft:enchanted_book":2,"minecraft:iron_ingot":6,"minecraft:bread":1,"alexsmobs:fish_bones":1,"minecraft:brown_mushroom":1,"minecraft:wheat_seeds":1,"minecraft:clock":1,"minecraft:tnt":2,"minecraft:glass_bottle":2,"minecraft:golden_horse_armor":1,"minecraft:iron_helmet":2,"minecraft:cobblestone":94,"minecraft:book":9,"alexsmobs:mysterious_worm":1,"minecraft:apple":7,"born_in_chaos_v1:sea_terror_eye":2,"born_in_chaos_v1:nightmare_claw":1,"graveyard:corruption":9,"minecraft:coal":21,"minecraft:golden_apple":8,"minecraft:stick":2,"born_in_chaos_v1:monster_flesh":1,"minecraft:cracked_polished_blackstone_bricks":1,"minecraft:birch_fence":2,"minecraft:torch":2,"minecraft:golden_carrot":8,"born_in_chaos_v1:monster_skin":5,"minecraft:diamond_helmet":1,"minecraft:iron_leggings":1,"gravestone:obituary":16,"minecraft:oak_stairs":10,"minecraft:gold_nugget":7,"born_in_chaos_v1:trident_hayfork":1,"minecraft:bone_block":3,"minecraft:stonecutter":1,"minecraft:iron_pickaxe":2,"minecraft:chainmail_leggings":1,"minecraft:string":20,"minecraft:lily_pad":2,"minecraft:white_wool":3,"minecraft:music_disc_cat":2,"minecraft:bone":12,"minecraft:gravel":1,"minecraft:stone_axe":1,"minecraft:sugar_cane":29,"born_in_chaos_v1:fire_dust":1,"alexsmobs:animal_dictionary":2,"minecraft:wheat":29,"minecraft:birch_sapling":5,"born_in_chaos_v1:rotten_fish":9,"minecraft:rotten_flesh":2,"minecraft:oak_planks":6,"minecraft:iron_boots":2,"sophisticatedbackpacks:backpack":3,"minecraft:name_tag":1,"minecraft:shears":1,"minecraft:carrot":28,"minecraft:flint_and_steel":1,"minecraft:diamond_sword":1,"minecraft:shield":1,"minecraft:gunpowder":24,"minecraft:iron_chestplate":2,"minecraft:ladder":1,"minecraft:chainmail_boots":1,"minecraft:bamboo":11,"minecraft:diamond_boots":1,"minecraft:arrow":4,"minecraft:bow":1,"minecraft:stone_pickaxe":1,"graveyard:oak_coffin":1,"born_in_chaos_v1:dark_rod":1},"minecraft:killed_by":{"graveyard:acolyte":3,"apollyon:the_damned":3,"minecraft:skeleton":1,"alexsmobs:anaconda":1},"minecraft:crafted":{"minecraft:oak_planks":40,"minecraft:furnace":1,"minecraft:stone_pickaxe":1,"minecraft:chest":1,"minecraft:crafting_table":2,"minecraft:wooden_pickaxe":1,"minecraft:stone_axe":1,"minecraft:air":0,"minecraft:oak_boat":1,"minecraft:charcoal":5,"minecraft:stick":12,"minecraft:stone_sword":1,"minecraft:torch":20},"minecraft:picked_up":{"minecraft:crafting_table":2,"minecraft:black_carpet":1,"minecraft:brown_mushroom":2,"gravestone:obituary":12,"minecraft:polished_deepslate":1,"minecraft:music_disc_cat":1,"minecraft:string":2,"born_in_chaos_v1:intoxicating_decoction":1,"minecraft:beef":1,"securitycraft:reinforced_deepslate_bricks":2,"minecraft:spruce_slab":1,"minecraft:sugar_cane":12,"minecraft:chest":1,"minecraft:birch_sapling":11,"minecraft:furnace":1,"minecraft:raw_iron":5,"minecraft:spruce_fence":1,"born_in_chaos_v1:nightmare_claw":2,"born_in_chaos_v1:pieceofdarkmetal":2,"minecraft:arrow":2,"minecraft:rotten_flesh":9,"minecraft:tropical_fish":1,"minecraft:iron_bars":1,"minecraft:bone_block":3,"minecraft:white_wool":3,"minecraft:cobblestone":53,"born_in_chaos_v1:corpse_maggot":3,"born_in_chaos_v1:monster_flesh":2,"minecraft:leather":1,"alexsmobs:skreecher_soul":1,"alexsmobs:mysterious_worm":1,"minecraft:oak_log":22,"minecraft:lily_pad":1,"minecraft:dirt":57,"minecraft:bone":20,"minecraft:apple":2,"minecraft:stone_bricks":1,"minecraft:wheat_seeds":2,"minecraft:glass_bottle":1,"minecraft:moss_block":1,"graveyard:small_light_blue_urn":1,"minecraft:black_candle":3,"alexsmobs:fish_bones":1,"minecraft:gravel":3,"alexsmobs:animal_dictionary":1,"graveyard:oak_coffin":2,"minecraft:crimson_roots":10}},"DataVersion":3465}