{"stats":{"minecraft:custom":{"minecraft:time_since_rest":54055,"minecraft:sprint_one_cm":14675,"minecraft:walk_one_cm":33099,"minecraft:mob_kills":5,"minecraft:drop":2,"minecraft:damage_dealt":560,"minecraft:swim_one_cm":1891,"minecraft:fly_one_cm":532850,"minecraft:crouch_one_cm":79,"minecraft:play_time":54055,"minecraft:sneak_time":339,"minecraft:walk_under_water_one_cm":509,"minecraft:jump":233,"minecraft:leave_game":4,"minecraft:time_since_death":54055,"minecraft:walk_on_water_one_cm":444,"minecraft:total_world_time":54055,"minecraft:climb_one_cm":371,"minecraft:fall_one_cm":267},"minecraft:killed":{"alexsmobs:mudskipper":1,"alexsmobs:skreecher":1,"alexsmobs:skelewag":1,"alexsmobs:frilled_shark":1},"minecraft:used":{"minecraft:oak_log":19,"alexsmobs:spawn_egg_skunk":1,"alexsmobs:spawn_egg_mudskipper":1,"minecraft:birch_leaves":2,"minecraft:grass_block":5,"born_in_chaos_v1:sharpened_dark_metal_sword":9,"minecraft:deepslate_bricks":4,"alexsmobs:spawn_egg_frilled_shark":2,"born_in_chaos_v1:nightmare_stalker_skull":1,"alexsmobs:spawn_egg_skreecher":1,"securitycraft:reinforced_deepslate_bricks":333,"alexsmobs:spawn_egg_skelewag":1,"securitycraft:reinforced_gold_block":2,"minecraft:gold_block":4,"minecraft:crimson_hyphae":7,"minecraft:birch_log":1,"securitycraft:universal_block_remover":2,"alexsmobs:spawn_egg_roadrunner":1,"securitycraft:reinforced_crimson_hyphae":2,"alexsmobs:spawn_egg_cosmic_cod":1},"minecraft:picked_up":{"alexsmobs:skreecher_soul":1,"alexsmobs:mysterious_worm":1,"alexsmobs:animal_dictionary":1,"minecraft:bone":1,"minecraft:tropical_fish":1,"securitycraft:reinforced_deepslate_bricks":2},"minecraft:dropped":{"alexsmobs:animal_dictionary":1,"alexsmobs:mysterious_worm":1}},"DataVersion":3465}