{"stats":{"minecraft:dropped":{"minecraft:gravel":1,"alexsmobs:fish_bones":1,"alexsmobs:animal_dictionary":1,"minecraft:glass_bottle":2,"minecraft:rotten_flesh":2,"alexsmobs:mysterious_worm":1,"minecraft:apple":1,"gravestone:obituary":3,"minecraft:white_wool":3,"minecraft:bone":6},"minecraft:killed":{"alexsmobs:mudskipper":1,"born_in_chaos_v1:maggot":1,"creeperoverhaul:snowy_creeper":1,"insanity:mirage":1,"alexsmobs:skreecher":1,"alexsmobs:skelewag":1,"alexsmobs:frilled_shark":1},"minecraft:mined":{"gravestone:gravestone":3,"minecraft:grass_block":1,"minecraft:grass":1,"minecraft:oak_log":6,"minecraft:gravel":2,"minecraft:dirt":4,"minecraft:stone":12,"minecraft:oak_leaves":1},"minecraft:killed_by":{"apollyon:the_damned":2,"minecraft:skeleton":1},"minecraft:custom":{"minecraft:mob_kills":10,"minecraft:interact_with_crafting_table":2,"minecraft:open_barrel":7,"minecraft:damage_dealt_resisted":24,"minecraft:leave_game":10,"minecraft:time_since_death":13205,"minecraft:climb_one_cm":645,"minecraft:damage_resisted":5120,"minecraft:time_since_rest":13246,"minecraft:sprint_one_cm":186582,"minecraft:damage_taken":253354,"minecraft:walk_one_cm":103390,"minecraft:drop":17,"minecraft:damage_dealt":1077,"minecraft:damage_dealt_absorbed":4,"minecraft:swim_one_cm":2869,"minecraft:fly_one_cm":1394863,"minecraft:open_chest":2,"minecraft:crouch_one_cm":1783,"minecraft:play_time":151481,"minecraft:deaths":3,"minecraft:sneak_time":2361,"minecraft:walk_under_water_one_cm":651,"minecraft:jump":2381,"minecraft:walk_on_water_one_cm":3204,"minecraft:total_world_time":151481,"minecraft:fall_one_cm":44478},"minecraft:used":{"apollyon:the_damned_spawn_egg":6,"apollyon:the_infector_spawn_egg":1,"alexsmobs:spawn_egg_skunk":1,"alexsmobs:spawn_egg_mudskipper":1,"minecraft:birch_leaves":2,"born_in_chaos_v1:intoxicating_decoction":1,"minecraft:wooden_pickaxe":12,"minecraft:deepslate_bricks":12,"alexsmobs:spawn_egg_skreecher":1,"securitycraft:reinforced_deepslate_bricks":333,"alexsmobs:spawn_egg_skelewag":1,"minecraft:crafting_table":1,"minecraft:crimson_hyphae":95,"securitycraft:universal_block_remover":2,"securitycraft:reinforced_crimson_hyphae":9,"minecraft:spruce_log":111,"minecraft:oak_log":19,"born_in_chaos_v1:corpse_maggot":1,"minecraft:grass_block":5,"born_in_chaos_v1:sharpened_dark_metal_sword":9,"minecraft:gravel":2,"minecraft:barrel":2,"alexsmobs:spawn_egg_frilled_shark":2,"born_in_chaos_v1:nightmare_stalker_skull":1,"minecraft:glowstone":4,"minecraft:bow":14,"minecraft:stripped_crimson_hyphae":5,"securitycraft:reinforced_gold_block":2,"minecraft:birch_log":1,"minecraft:gold_block":6,"alexsmobs:spawn_egg_roadrunner":1,"alexsmobs:spawn_egg_cosmic_cod":1},"minecraft:crafted":{"minecraft:oak_planks":40,"minecraft:crafting_table":1,"minecraft:wooden_pickaxe":1,"minecraft:stick":4},"minecraft:picked_up":{"born_in_chaos_v1:corpse_maggot":1,"alexsmobs:mysterious_worm":1,"alexsmobs:skreecher_soul":1,"minecraft:oak_log":10,"gravestone:obituary":2,"minecraft:dirt":5,"born_in_chaos_v1:intoxicating_decoction":1,"minecraft:bone":11,"minecraft:apple":1,"securitycraft:reinforced_deepslate_bricks":2,"minecraft:glass_bottle":1,"minecraft:birch_sapling":1,"alexsmobs:fish_bones":1,"minecraft:gravel":3,"alexsmobs:animal_dictionary":1,"minecraft:rotten_flesh":2,"minecraft:tropical_fish":1,"minecraft:white_wool":3,"minecraft:cobblestone":12}},"DataVersion":3465}