{"stats":{"minecraft:dropped":{"alexsmobs:fish_bones":1,"alexsmobs:animal_dictionary":1,"minecraft:rotten_flesh":2,"alexsmobs:mysterious_worm":1,"minecraft:bone":6},"minecraft:used":{"apollyon:the_damned_spawn_egg":6,"minecraft:oak_log":19,"apollyon:the_infector_spawn_egg":1,"alexsmobs:spawn_egg_skunk":1,"alexsmobs:spawn_egg_mudskipper":1,"minecraft:grass_block":5,"minecraft:birch_leaves":2,"born_in_chaos_v1:sharpened_dark_metal_sword":9,"minecraft:barrel":2,"minecraft:deepslate_bricks":12,"alexsmobs:spawn_egg_frilled_shark":2,"born_in_chaos_v1:nightmare_stalker_skull":1,"alexsmobs:spawn_egg_skreecher":1,"minecraft:glowstone":4,"minecraft:stripped_crimson_hyphae":5,"minecraft:bow":14,"securitycraft:reinforced_deepslate_bricks":333,"alexsmobs:spawn_egg_skelewag":1,"securitycraft:reinforced_gold_block":2,"minecraft:gold_block":6,"minecraft:crimson_hyphae":95,"minecraft:birch_log":1,"securitycraft:universal_block_remover":2,"alexsmobs:spawn_egg_roadrunner":1,"minecraft:spruce_log":111,"securitycraft:reinforced_crimson_hyphae":9,"alexsmobs:spawn_egg_cosmic_cod":1},"minecraft:mined":{"gravestone:gravestone":1},"minecraft:picked_up":{"alexsmobs:fish_bones":1,"alexsmobs:skreecher_soul":1,"alexsmobs:mysterious_worm":1,"alexsmobs:animal_dictionary":1,"minecraft:bone":10,"minecraft:rotten_flesh":2,"minecraft:tropical_fish":1,"securitycraft:reinforced_deepslate_bricks":2},"minecraft:killed":{"alexsmobs:mudskipper":1,"insanity:mirage":1,"alexsmobs:skreecher":1,"alexsmobs:skelewag":1,"alexsmobs:frilled_shark":1},"minecraft:killed_by":{"apollyon:the_damned":2},"minecraft:custom":{"minecraft:time_since_rest":19220,"minecraft:sprint_one_cm":115871,"minecraft:damage_taken":252304,"minecraft:walk_one_cm":66019,"minecraft:mob_kills":6,"minecraft:drop":7,"minecraft:damage_dealt":570,"minecraft:swim_one_cm":2869,"minecraft:fly_one_cm":1107040,"minecraft:open_barrel":6,"minecraft:open_chest":2,"minecraft:crouch_one_cm":369,"minecraft:deaths":2,"minecraft:play_time":106314,"minecraft:sneak_time":1633,"minecraft:walk_under_water_one_cm":651,"minecraft:jump":1366,"minecraft:leave_game":5,"minecraft:walk_on_water_one_cm":3019,"minecraft:time_since_death":19152,"minecraft:total_world_time":106314,"minecraft:climb_one_cm":645,"minecraft:damage_resisted":5120,"minecraft:fall_one_cm":14821}},"DataVersion":3465}