{"stats":{"minecraft:used":{"minecraft:stone_sword":133,"minecraft:iron_shovel":251,"minecraft:flint_and_steel":1,"minecraft:stone_shovel":799,"minecraft:shield":12,"minecraft:cooked_chicken":6,"born_in_chaos_v1:fried_maggot":6,"minecraft:stone_hoe":9,"minecraft:oak_door":1,"minecraft:torch":72,"minecraft:dirt":952,"minecraft:carrot":76,"minecraft:lava_bucket":4,"born_in_chaos_v1:gnawed_bones":1,"minecraft:bamboo":3,"minecraft:oak_sapling":12,"minecraft:furnace":5,"minecraft:cooked_beef":12,"born_in_chaos_v1:trident_hayfork":96,"minecraft:cooked_mutton":1,"minecraft:wheat_seeds":28,"minecraft:water_bucket":9,"minecraft:baked_potato":6,"minecraft:stone_pickaxe":660,"minecraft:oak_planks":102,"minecraft:crafting_table":11,"minecraft:lime_bed":2,"minecraft:campfire":1,"minecraft:spruce_log":2,"minecraft:oak_log":2,"minecraft:apple":7,"minecraft:spruce_sapling":4,"minecraft:stone_axe":237,"minecraft:cobblestone":18,"minecraft:chainmail_boots":1,"minecraft:cooked_porkchop":2,"minecraft:bucket":13,"minecraft:bone_meal":91},"minecraft:mined":{"minecraft:oak_sapling":1,"gravestone:gravestone":4,"minecraft:grass_block":935,"minecraft:spruce_leaves":9,"minecraft:spawner":9,"minecraft:large_fern":1,"minecraft:spruce_sapling":1,"minecraft:furnace":4,"minecraft:carrots":13,"minecraft:iron_ore":9,"minecraft:bookshelf":3,"minecraft:vine":1,"minecraft:iron_bars":11,"minecraft:bamboo":6,"minecraft:stone":325,"minecraft:crafting_table":7,"minecraft:torch":6,"minecraft:tall_grass":1,"minecraft:copper_ore":7,"minecraft:cobblestone":123,"minecraft:sugar_cane":5,"minecraft:oak_planks":5,"minecraft:wall_torch":10,"minecraft:birch_planks":1,"minecraft:lime_bed":2,"minecraft:wheat":28,"minecraft:spruce_log":22,"born_in_chaos_v1:river_mint":7,"minecraft:grass":27,"minecraft:oak_log":77,"minecraft:coal_ore":97,"minecraft:dirt":177,"minecraft:polished_blackstone":1,"minecraft:stonecutter":1,"minecraft:mossy_stone_bricks":3,"minecraft:oak_leaves":12},"minecraft:killed":{"minecraft:spider":1,"born_in_chaos_v1:zombie_bruiser":2,"born_in_chaos_v1:maggot":2,"minecraft:skeleton":6,"graveyard:acolyte":4,"minecraft:chicken":4,"born_in_chaos_v1:skeleton_thrasher":1,"born_in_chaos_v1:firelight_not_despawn":2,"born_in_chaos_v1:bonescaller":1,"minecraft:pig":1,"graveyard:ghoul":1,"minecraft:frog":1,"born_in_chaos_v1:decrepit_skeleton":5,"minecraft:zombie":8,"born_in_chaos_v1:dread_hound":2,"born_in_chaos_v1:corpse_fly":6,"born_in_chaos_v1:nightmare_stalker":1,"born_in_chaos_v1:door_knight":1,"apollyon:the_damned":1,"minecraft:cow":10},"minecraft:custom":{"minecraft:mob_kills":62,"minecraft:interact_with_crafting_table":36,"minecraft:open_barrel":9,"minecraft:damage_dealt_resisted":90,"minecraft:leave_game":11,"minecraft:time_since_death":1237,"minecraft:climb_one_cm":2702,"minecraft:sprint_one_cm":956719,"minecraft:walk_one_cm":1783343,"minecraft:damage_blocked_by_shield":490,"minecraft:drop":49,"minecraft:talked_to_villager":2,"minecraft:play_time":346954,"minecraft:deaths":5,"minecraft:sneak_time":6353,"minecraft:walk_under_water_one_cm":10505,"minecraft:jump":3713,"minecraft:walk_on_water_one_cm":25702,"minecraft:total_world_time":346954,"minecraft:interact_with_furnace":25,"minecraft:sleep_in_bed":10,"minecraft:time_since_rest":1325,"minecraft:damage_taken":3671,"minecraft:damage_dealt":13271,"minecraft:swim_one_cm":40802,"minecraft:fly_one_cm":334921,"minecraft:open_chest":57,"minecraft:crouch_one_cm":22954,"minecraft:fall_one_cm":68227},"minecraft:dropped":{"minecraft:wheat_seeds":4,"minecraft:cooked_beef":1,"minecraft:baked_potato":1,"minecraft:cooked_porkchop":3,"minecraft:cobblestone":18,"minecraft:apple":2,"minecraft:stick":2,"minecraft:dirt":12,"born_in_chaos_v1:river_mint":7,"gravestone:obituary":13,"born_in_chaos_v1:trident_hayfork":1,"minecraft:oak_door":2,"alexsmobs:animal_dictionary":1,"minecraft:wheat":29,"born_in_chaos_v1:ethereal_spirit":1,"minecraft:oak_planks":1,"sophisticatedbackpacks:backpack":1,"minecraft:spruce_planks":10,"born_in_chaos_v1:corpse_maggot":3,"minecraft:leather_boots":1,"minecraft:oak_sapling":2,"minecraft:leather_leggings":1,"minecraft:iron_bars":2,"minecraft:stone_pickaxe":1},"minecraft:broken":{"minecraft:iron_shovel":1,"minecraft:stone_sword":1,"minecraft:stone_pickaxe":5,"minecraft:stone_axe":1,"minecraft:stone_shovel":6},"minecraft:killed_by":{"born_in_chaos_v1:nightmare_stalker":2,"graveyard:acolyte":1,"apollyon:the_damned":1,"minecraft:skeleton":1},"minecraft:crafted":{"minecraft:oak_door":3,"minecraft:oak_planks":196,"minecraft:stone_shovel":5,"minecraft:leather_leggings":1,"minecraft:cooked_chicken":5,"minecraft:furnace":1,"minecraft:bone_meal":147,"minecraft:flint_and_steel":1,"born_in_chaos_v1:fried_maggot":1,"minecraft:stone_pickaxe":4,"minecraft:stone_hoe":1,"minecraft:cooked_beef":13,"minecraft:cooked_porkchop":3,"minecraft:crafting_table":4,"minecraft:spruce_planks":8,"minecraft:iron_helmet":1,"minecraft:bucket":1,"minecraft:campfire":1,"minecraft:bread":1,"minecraft:iron_chestplate":1,"minecraft:shield":1,"minecraft:stick":34,"minecraft:iron_ingot":11,"minecraft:iron_shovel":1,"minecraft:torch":16,"minecraft:shears":1},"minecraft:picked_up":{"minecraft:iron_chestplate":1,"minecraft:crafting_table":7,"minecraft:wheat":86,"minecraft:chainmail_boots":1,"minecraft:chicken":4,"born_in_chaos_v1:river_mint":7,"minecraft:leather_leggings":1,"minecraft:oak_stairs":20,"minecraft:wither_rose":1,"gravestone:obituary":14,"minecraft:shield":1,"minecraft:string":20,"minecraft:raw_copper":17,"minecraft:flint_and_steel":1,"minecraft:birch_fence":4,"graveyard:corruption":8,"minecraft:gold_nugget":7,"minecraft:spruce_planks":8,"minecraft:beef":13,"born_in_chaos_v1:gnawed_bones":1,"minecraft:sugar_cane":46,"minecraft:furnace":4,"minecraft:stick":5,"minecraft:raw_iron":9,"minecraft:torch":18,"sophisticatedbackpacks:backpack":1,"minecraft:porkchop":3,"minecraft:carrot":78,"born_in_chaos_v1:nightmare_claw":1,"born_in_chaos_v1:fried_maggot":5,"minecraft:arrow":12,"minecraft:rotten_flesh":24,"minecraft:shears":1,"minecraft:diamond_boots":1,"born_in_chaos_v1:trident_hayfork":3,"minecraft:iron_bars":8,"minecraft:cobblestone":408,"born_in_chaos_v1:corpse_maggot":3,"minecraft:lime_bed":2,"minecraft:clock":1,"minecraft:feather":3,"born_in_chaos_v1:monster_flesh":4,"minecraft:leather":7,"minecraft:birch_planks":3,"minecraft:oak_log":76,"minecraft:lily_pad":2,"minecraft:dirt":1087,"born_in_chaos_v1:monster_skin":10,"minecraft:bone":24,"minecraft:apple":1,"minecraft:stonecutter":2,"minecraft:bow":2,"minecraft:wheat_seeds":79,"minecraft:iron_ingot":6,"minecraft:stone_pickaxe":2,"minecraft:cooked_chicken":1,"minecraft:diamond_helmet":1,"minecraft:mossy_stone_bricks":3,"minecraft:bamboo":32,"minecraft:oak_planks":14,"minecraft:book":18,"minecraft:cooked_porkchop":2,"born_in_chaos_v1:ethereal_spirit":1,"born_in_chaos_v1:bone_heart":1,"minecraft:spruce_sapling":11,"minecraft:spruce_log":22,"alexsmobs:animal_dictionary":2,"born_in_chaos_v1:fire_dust":2,"minecraft:stone_axe":1,"minecraft:chainmail_leggings":1,"minecraft:cracked_polished_blackstone_bricks":1,"minecraft:iron_helmet":1,"minecraft:bread":1,"minecraft:baked_potato":1,"minecraft:oak_sapling":14,"minecraft:coal":97}},"DataVersion":3465}