{"stats":{"minecraft:dropped":{"born_in_chaos_v1:shattered_skull":1,"minecraft:wheat_seeds":12,"minecraft:cooked_beef":1,"minecraft:baked_potato":1,"minecraft:cooked_porkchop":3,"minecraft:iron_helmet":1,"minecraft:cobblestone":19,"minecraft:apple":2,"minecraft:coal":5,"minecraft:pufferfish":1,"minecraft:stick":4,"minecraft:dirt":217,"born_in_chaos_v1:river_mint":11,"minecraft:torch":1,"gravestone:obituary":15,"born_in_chaos_v1:trident_hayfork":2,"minecraft:lily_pad":1,"minecraft:spruce_sapling":1,"minecraft:dandelion":2,"minecraft:oak_door":2,"alexsmobs:animal_dictionary":1,"minecraft:wheat":29,"born_in_chaos_v1:ethereal_spirit":1,"minecraft:stone_shovel":2,"minecraft:rotten_flesh":13,"minecraft:oak_planks":1,"sophisticatedbackpacks:backpack":1,"minecraft:shears":1,"minecraft:carrot":12,"minecraft:stone":21,"minecraft:spruce_planks":10,"born_in_chaos_v1:corpse_maggot":3,"minecraft:leather_boots":1,"minecraft:oak_sapling":12,"minecraft:chainmail_boots":1,"minecraft:leather_leggings":1,"minecraft:stone_bricks":1,"minecraft:iron_bars":2,"minecraft:arrow":9,"minecraft:stone_pickaxe":2},"minecraft:killed":{"born_in_chaos_v1:zombie_clown":1,"born_in_chaos_v1:zombie_lumberjack":2,"born_in_chaos_v1:skeleton_demoman":1,"minecraft:spider":3,"born_in_chaos_v1:zombie_bruiser":2,"born_in_chaos_v1:maggot":8,"born_in_chaos_v1:scarlet_persecutor":8,"minecraft:skeleton":7,"graveyard:acolyte":4,"minecraft:chicken":4,"born_in_chaos_v1:skeleton_thrasher":1,"born_in_chaos_v1:firelight_not_despawn":2,"born_in_chaos_v1:fallen_chaos_knight":1,"born_in_chaos_v1:bonescaller":1,"minecraft:pig":1,"graveyard:ghoul":1,"born_in_chaos_v1:baby_skeleton":2,"born_in_chaos_v1:swarmer":1,"minecraft:wandering_trader":1,"minecraft:frog":1,"born_in_chaos_v1:decrepit_skeleton":8,"minecraft:trader_llama":1,"minecraft:zombie":20,"born_in_chaos_v1:dread_hound":8,"born_in_chaos_v1:corpse_fly":12,"born_in_chaos_v1:nightmare_stalker":1,"born_in_chaos_v1:door_knight":1,"apollyon:the_damned":2,"minecraft:cow":13},"minecraft:killed_by":{"born_in_chaos_v1:nightmare_stalker":3,"graveyard:acolyte":1,"apollyon:the_damned":1,"minecraft:skeleton":1,"born_in_chaos_v1:scarlet_persecutor":3},"minecraft:mined":{"graveyard:torso_pile":1,"minecraft:oak_sapling":1,"minecraft:spruce_trapdoor":6,"gravestone:gravestone":8,"minecraft:stone_brick_wall":2,"minecraft:grass_block":1605,"minecraft:spruce_leaves":338,"minecraft:composter":1,"minecraft:spawner":9,"minecraft:large_fern":1,"minecraft:spruce_sapling":1,"minecraft:furnace":4,"minecraft:carrots":93,"minecraft:iron_ore":9,"minecraft:pumpkin":1,"minecraft:bookshelf":3,"minecraft:vine":1,"minecraft:iron_bars":11,"minecraft:bamboo":30,"minecraft:stone":1429,"minecraft:scaffolding":77,"minecraft:dandelion":1,"minecraft:crafting_table":7,"minecraft:torch":7,"minecraft:copper_ore":7,"minecraft:tall_grass":12,"minecraft:cobblestone":698,"minecraft:oak_planks":9,"minecraft:sugar_cane":5,"minecraft:wall_torch":12,"minecraft:birch_planks":1,"minecraft:lime_bed":2,"minecraft:wheat":28,"minecraft:spruce_log":200,"born_in_chaos_v1:river_mint":13,"minecraft:stone_brick_stairs":9,"minecraft:smooth_stone_slab":2,"minecraft:grass":41,"minecraft:coal_ore":159,"minecraft:oak_log":108,"minecraft:gravel":1,"minecraft:dirt":360,"minecraft:stonecutter":2,"minecraft:stone_bricks":32,"minecraft:polished_blackstone":1,"minecraft:mossy_stone_bricks":3,"minecraft:oak_leaves":35},"minecraft:custom":{"minecraft:mob_kills":123,"minecraft:animals_bred":18,"minecraft:interact_with_crafting_table":92,"minecraft:open_barrel":16,"minecraft:damage_dealt_resisted":3577,"minecraft:leave_game":16,"minecraft:time_since_death":96455,"minecraft:climb_one_cm":181452,"minecraft:sprint_one_cm":2114650,"minecraft:walk_one_cm":4233212,"minecraft:damage_blocked_by_shield":2110,"minecraft:drop":120,"minecraft:talked_to_villager":4,"minecraft:play_time":995290,"minecraft:sneak_time":35143,"minecraft:deaths":10,"minecraft:walk_under_water_one_cm":14547,"minecraft:jump":10955,"minecraft:walk_on_water_one_cm":46462,"minecraft:total_world_time":995290,"minecraft:interact_with_furnace":290,"minecraft:interact_with_stonecutter":46,"minecraft:sleep_in_bed":65,"minecraft:time_since_rest":10260,"minecraft:damage_taken":8040,"minecraft:damage_dealt":26344,"minecraft:swim_one_cm":58779,"minecraft:fly_one_cm":1233837,"minecraft:open_chest":175,"minecraft:crouch_one_cm":116659,"minecraft:fall_one_cm":211569},"minecraft:used":{"minecraft:iron_shovel":251,"minecraft:stone_sword":133,"minecraft:flint_and_steel":2,"minecraft:stone_shovel":1431,"minecraft:chest":6,"minecraft:shield":42,"minecraft:stone":2,"minecraft:wooden_shovel":118,"minecraft:cooked_chicken":6,"minecraft:oak_door":1,"born_in_chaos_v1:fried_maggot":16,"minecraft:stone_hoe":88,"minecraft:torch":82,"minecraft:dirt":1515,"minecraft:carrot":447,"minecraft:lava_bucket":4,"minecraft:iron_axe":211,"born_in_chaos_v1:gnawed_bones":1,"minecraft:stone_brick_stairs":54,"minecraft:stone_bricks":1843,"minecraft:bamboo":3,"minecraft:birch_button":1,"minecraft:scaffolding":244,"minecraft:oak_sapling":12,"minecraft:furnace":9,"minecraft:cooked_beef":15,"minecraft:pumpkin":1,"minecraft:cooked_mutton":7,"born_in_chaos_v1:trident_hayfork":337,"minecraft:wheat_seeds":28,"minecraft:water_bucket":9,"minecraft:spruce_door":1,"minecraft:baked_potato":6,"minecraft:stone_pickaxe":2607,"minecraft:oak_planks":108,"minecraft:sugar_cane":23,"minecraft:stonecutter":2,"minecraft:lime_bed":2,"minecraft:crafting_table":13,"minecraft:campfire":1,"minecraft:stone_brick_wall":63,"minecraft:spruce_log":2,"minecraft:oak_log":2,"minecraft:apple":7,"minecraft:bread":1,"minecraft:spruce_trapdoor":29,"minecraft:spruce_sapling":50,"minecraft:stone_axe":661,"minecraft:cobblestone":18,"minecraft:chainmail_boots":1,"minecraft:cooked_porkchop":2,"minecraft:bucket":13,"minecraft:smooth_stone_slab":26,"minecraft:bone_meal":192},"minecraft:crafted":{"minecraft:oak_door":3,"minecraft:smooth_stone":27,"minecraft:oak_planks":226,"minecraft:stone_shovel":10,"minecraft:stone_brick_wall":73,"minecraft:leather_leggings":1,"minecraft:cooked_chicken":5,"minecraft:furnace":5,"minecraft:stone":1874,"minecraft:bone_meal":147,"minecraft:cooked_mutton":7,"minecraft:flint_and_steel":1,"minecraft:scaffolding":136,"minecraft:iron_axe":1,"born_in_chaos_v1:fried_maggot":13,"minecraft:stone_pickaxe":20,"minecraft:chest":6,"minecraft:stone_hoe":2,"minecraft:stone_bricks":17,"minecraft:cooked_beef":17,"minecraft:wooden_shovel":2,"minecraft:cooked_porkchop":3,"minecraft:crafting_table":5,"minecraft:spruce_planks":116,"minecraft:iron_helmet":1,"minecraft:spruce_door":3,"minecraft:bucket":1,"minecraft:campfire":1,"minecraft:stone_axe":3,"minecraft:bread":1,"minecraft:air":0,"minecraft:stone_brick_stairs":18,"minecraft:spruce_trapdoor":29,"minecraft:iron_chestplate":1,"minecraft:charcoal":119,"minecraft:shield":1,"minecraft:stick":58,"minecraft:iron_ingot":11,"minecraft:iron_shovel":1,"minecraft:torch":32,"minecraft:shears":1},"minecraft:picked_up":{"minecraft:iron_chestplate":1,"minecraft:crafting_table":8,"minecraft:wheat":86,"minecraft:chainmail_boots":1,"minecraft:chicken":4,"born_in_chaos_v1:river_mint":16,"minecraft:leather_leggings":1,"minecraft:lead":9,"minecraft:oak_stairs":20,"minecraft:stone_brick_wall":2,"minecraft:wither_rose":1,"minecraft:birch_button":1,"minecraft:stone_brick_stairs":6,"gravestone:obituary":16,"minecraft:shield":1,"minecraft:string":21,"minecraft:raw_copper":17,"minecraft:smooth_stone_slab":1,"minecraft:flint_and_steel":1,"born_in_chaos_v1:intoxicating_decoction":1,"minecraft:pufferfish":1,"minecraft:birch_fence":4,"graveyard:corruption":8,"minecraft:gold_nugget":7,"minecraft:bucket":1,"minecraft:spruce_planks":8,"minecraft:beef":17,"born_in_chaos_v1:gnawed_bones":2,"minecraft:sugar_cane":46,"minecraft:spruce_trapdoor":6,"minecraft:furnace":4,"minecraft:raw_iron":9,"minecraft:stick":55,"minecraft:stone":21,"born_in_chaos_v1:shattered_skull":2,"minecraft:composter":1,"minecraft:torch":26,"sophisticatedbackpacks:backpack":1,"minecraft:porkchop":3,"born_in_chaos_v1:nightmare_claw":1,"minecraft:carrot":379,"born_in_chaos_v1:fried_maggot":5,"minecraft:arrow":17,"minecraft:stone_shovel":1,"minecraft:rotten_flesh":52,"minecraft:shears":1,"minecraft:diamond_boots":1,"born_in_chaos_v1:trident_hayfork":5,"minecraft:iron_bars":8,"minecraft:cobblestone":2034,"born_in_chaos_v1:corpse_maggot":11,"minecraft:lime_bed":2,"minecraft:clock":1,"minecraft:feather":3,"born_in_chaos_v1:monster_flesh":8,"minecraft:jungle_log":2,"minecraft:leather":9,"minecraft:birch_planks":3,"minecraft:oak_log":94,"minecraft:lily_pad":2,"minecraft:dirt":2262,"born_in_chaos_v1:monster_skin":14,"minecraft:bone":41,"minecraft:apple":2,"minecraft:stone_bricks":33,"minecraft:bow":2,"minecraft:stonecutter":3,"minecraft:wheat_seeds":92,"minecraft:iron_ingot":7,"minecraft:stone_pickaxe":3,"minecraft:cooked_chicken":1,"minecraft:mossy_stone_bricks":3,"minecraft:diamond_helmet":1,"minecraft:bamboo":195,"minecraft:oak_planks":18,"minecraft:book":18,"minecraft:scaffolding":160,"minecraft:cooked_porkchop":2,"minecraft:pumpkin":1,"graveyard:bone_dagger":2,"born_in_chaos_v1:ethereal_spirit":8,"born_in_chaos_v1:bone_heart":1,"minecraft:dandelion":2,"minecraft:gravel":1,"minecraft:spruce_sapling":58,"minecraft:spruce_log":200,"alexsmobs:animal_dictionary":2,"born_in_chaos_v1:fire_dust":2,"minecraft:stone_axe":1,"minecraft:chainmail_leggings":1,"minecraft:cracked_polished_blackstone_bricks":1,"minecraft:iron_helmet":2,"minecraft:bread":1,"minecraft:baked_potato":1,"minecraft:oak_sapling":24,"minecraft:coal":158},"minecraft:broken":{"minecraft:iron_shovel":1,"minecraft:wooden_shovel":2,"minecraft:stone_sword":1,"minecraft:stone_pickaxe":19,"minecraft:iron_axe":1,"minecraft:stone_axe":4,"born_in_chaos_v1:trident_hayfork":1,"minecraft:stone_shovel":10}},"DataVersion":3465}