{"stats":{"minecraft:used":{"minecraft:stone_sword":133,"minecraft:iron_shovel":251,"minecraft:stone_shovel":799,"minecraft:shield":6,"minecraft:cooked_chicken":6,"born_in_chaos_v1:fried_maggot":6,"minecraft:stone_hoe":9,"minecraft:oak_door":1,"minecraft:torch":71,"minecraft:dirt":952,"minecraft:carrot":45,"minecraft:lava_bucket":4,"born_in_chaos_v1:gnawed_bones":1,"minecraft:bamboo":3,"minecraft:oak_sapling":12,"minecraft:furnace":5,"minecraft:cooked_beef":12,"minecraft:cooked_mutton":1,"minecraft:wheat_seeds":28,"minecraft:water_bucket":9,"minecraft:baked_potato":6,"minecraft:stone_pickaxe":656,"minecraft:oak_planks":102,"minecraft:crafting_table":10,"minecraft:lime_bed":2,"minecraft:campfire":1,"minecraft:spruce_log":2,"minecraft:oak_log":2,"minecraft:apple":7,"minecraft:spruce_sapling":4,"minecraft:stone_axe":234,"minecraft:cobblestone":18,"minecraft:chainmail_boots":1,"minecraft:cooked_porkchop":2,"minecraft:bucket":13,"minecraft:bone_meal":91},"minecraft:mined":{"minecraft:oak_sapling":1,"gravestone:gravestone":3,"minecraft:grass_block":935,"minecraft:spruce_leaves":9,"minecraft:spawner":9,"minecraft:spruce_sapling":1,"minecraft:furnace":4,"minecraft:carrots":13,"minecraft:iron_ore":9,"minecraft:vine":1,"minecraft:iron_bars":11,"minecraft:bamboo":3,"minecraft:stone":325,"minecraft:crafting_table":7,"minecraft:torch":6,"minecraft:tall_grass":1,"minecraft:copper_ore":7,"minecraft:cobblestone":121,"minecraft:sugar_cane":5,"minecraft:oak_planks":5,"minecraft:wall_torch":10,"minecraft:birch_planks":1,"minecraft:lime_bed":2,"minecraft:wheat":28,"minecraft:spruce_log":22,"born_in_chaos_v1:river_mint":7,"minecraft:grass":24,"minecraft:oak_log":77,"minecraft:coal_ore":97,"minecraft:dirt":177,"minecraft:mossy_stone_bricks":3,"minecraft:oak_leaves":12},"minecraft:killed":{"minecraft:spider":1,"born_in_chaos_v1:zombie_bruiser":2,"born_in_chaos_v1:maggot":2,"minecraft:skeleton":4,"minecraft:chicken":4,"born_in_chaos_v1:skeleton_thrasher":1,"born_in_chaos_v1:firelight_not_despawn":2,"born_in_chaos_v1:bonescaller":1,"minecraft:pig":1,"born_in_chaos_v1:decrepit_skeleton":5,"minecraft:zombie":4,"born_in_chaos_v1:dread_hound":1,"born_in_chaos_v1:corpse_fly":6,"born_in_chaos_v1:nightmare_stalker":1,"born_in_chaos_v1:door_knight":1,"apollyon:the_damned":1,"minecraft:cow":10},"minecraft:custom":{"minecraft:mob_kills":49,"minecraft:interact_with_crafting_table":33,"minecraft:open_barrel":4,"minecraft:damage_dealt_resisted":90,"minecraft:leave_game":10,"minecraft:time_since_death":36293,"minecraft:climb_one_cm":1173,"minecraft:sprint_one_cm":831271,"minecraft:walk_one_cm":1651730,"minecraft:damage_blocked_by_shield":250,"minecraft:drop":34,"minecraft:play_time":312946,"minecraft:deaths":3,"minecraft:sneak_time":5668,"minecraft:walk_under_water_one_cm":5480,"minecraft:jump":3299,"minecraft:walk_on_water_one_cm":7022,"minecraft:total_world_time":312946,"minecraft:interact_with_furnace":24,"minecraft:sleep_in_bed":10,"minecraft:time_since_rest":30790,"minecraft:damage_taken":2755,"minecraft:damage_dealt":9028,"minecraft:swim_one_cm":3701,"minecraft:fly_one_cm":290408,"minecraft:open_chest":54,"minecraft:crouch_one_cm":21162,"minecraft:fall_one_cm":61862},"minecraft:dropped":{"minecraft:wheat_seeds":4,"minecraft:cooked_beef":1,"minecraft:baked_potato":1,"minecraft:cooked_porkchop":3,"minecraft:cobblestone":18,"minecraft:apple":2,"minecraft:stick":2,"minecraft:dirt":12,"born_in_chaos_v1:river_mint":7,"gravestone:obituary":2,"minecraft:oak_door":2,"alexsmobs:animal_dictionary":1,"minecraft:oak_planks":1,"minecraft:spruce_planks":10,"born_in_chaos_v1:corpse_maggot":3,"minecraft:leather_boots":1,"minecraft:oak_sapling":2,"minecraft:leather_leggings":1,"minecraft:iron_bars":2,"minecraft:stone_pickaxe":1},"minecraft:broken":{"minecraft:iron_shovel":1,"minecraft:stone_sword":1,"minecraft:stone_pickaxe":4,"minecraft:stone_axe":1,"minecraft:stone_shovel":6},"minecraft:killed_by":{"born_in_chaos_v1:nightmare_stalker":2,"minecraft:skeleton":1},"minecraft:crafted":{"minecraft:oak_door":3,"minecraft:oak_planks":196,"minecraft:stone_shovel":5,"minecraft:leather_leggings":1,"minecraft:cooked_chicken":5,"minecraft:furnace":1,"minecraft:bone_meal":147,"minecraft:flint_and_steel":1,"born_in_chaos_v1:fried_maggot":1,"minecraft:stone_pickaxe":3,"minecraft:stone_hoe":1,"minecraft:cooked_beef":13,"minecraft:cooked_porkchop":3,"minecraft:crafting_table":3,"minecraft:spruce_planks":8,"minecraft:iron_helmet":1,"minecraft:bucket":1,"minecraft:campfire":1,"minecraft:bread":1,"minecraft:iron_chestplate":1,"minecraft:shield":1,"minecraft:stick":30,"minecraft:iron_ingot":11,"minecraft:iron_shovel":1,"minecraft:torch":16,"minecraft:shears":1},"minecraft:picked_up":{"minecraft:crafting_table":7,"minecraft:wheat":28,"minecraft:chicken":4,"born_in_chaos_v1:river_mint":7,"minecraft:leather_leggings":1,"minecraft:wither_rose":1,"gravestone:obituary":1,"minecraft:raw_copper":17,"minecraft:spruce_planks":8,"minecraft:beef":13,"born_in_chaos_v1:gnawed_bones":1,"minecraft:sugar_cane":23,"minecraft:furnace":4,"minecraft:stick":3,"minecraft:raw_iron":9,"minecraft:torch":18,"minecraft:porkchop":3,"minecraft:carrot":63,"born_in_chaos_v1:nightmare_claw":1,"born_in_chaos_v1:fried_maggot":5,"minecraft:arrow":6,"minecraft:rotten_flesh":21,"born_in_chaos_v1:trident_hayfork":1,"minecraft:iron_bars":6,"minecraft:cobblestone":389,"born_in_chaos_v1:corpse_maggot":3,"minecraft:lime_bed":2,"minecraft:feather":3,"born_in_chaos_v1:monster_flesh":4,"minecraft:leather":7,"minecraft:birch_planks":1,"minecraft:oak_log":76,"minecraft:dirt":1087,"born_in_chaos_v1:monster_skin":5,"minecraft:bone":23,"minecraft:apple":1,"minecraft:bow":1,"minecraft:wheat_seeds":79,"minecraft:stone_pickaxe":1,"minecraft:cooked_chicken":1,"minecraft:mossy_stone_bricks":3,"minecraft:bamboo":10,"minecraft:oak_planks":10,"minecraft:cooked_porkchop":2,"born_in_chaos_v1:bone_heart":1,"minecraft:spruce_sapling":11,"minecraft:spruce_log":22,"alexsmobs:animal_dictionary":1,"born_in_chaos_v1:fire_dust":1,"minecraft:baked_potato":1,"minecraft:oak_sapling":14,"minecraft:coal":97}},"DataVersion":3465}