{"stats":{"minecraft:used":{"minecraft:calcite":1,"minecraft:stone_sword":39,"minecraft:birch_planks":9,"minecraft:stone_pickaxe":130,"minecraft:stone_shovel":32,"minecraft:poppy":1,"minecraft:shield":23,"minecraft:torch":28,"minecraft:dirt":22,"minecraft:crafting_table":2,"minecraft:carrot":35,"minecraft:white_bed":1,"minecraft:redstone_torch":1,"minecraft:apple":1,"minecraft:bread":9,"minecraft:cracked_polished_blackstone_bricks":1,"minecraft:iron_pickaxe":252,"minecraft:wooden_sword":11,"minecraft:stone_axe":58,"minecraft:cobblestone":110,"minecraft:porkchop":1,"minecraft:andesite":1,"minecraft:cooked_beef":3,"minecraft:cobbled_deepslate":20,"minecraft:cobweb":4},"minecraft:mined":{"minecraft:deepslate_redstone_ore":1,"minecraft:tuff":5,"born_in_chaos_v1:marigolds":1,"minecraft:deepslate_diamond_ore":1,"minecraft:torch":1,"minecraft:granite":7,"gravestone:gravestone":2,"minecraft:grass_block":27,"minecraft:calcite":1,"minecraft:poppy":1,"born_in_chaos_v1:black_argillite":10,"minecraft:campfire":1,"minecraft:copper_ore":2,"minecraft:tall_grass":4,"minecraft:cobblestone":42,"minecraft:deepslate_gold_ore":11,"minecraft:sugar_cane":5,"minecraft:diorite":23,"minecraft:wall_torch":5,"minecraft:spawner":1,"minecraft:birch_planks":2,"minecraft:redstone_ore":1,"minecraft:carrots":10,"minecraft:iron_ore":13,"minecraft:cobbled_deepslate":16,"minecraft:birch_leaves":1,"minecraft:andesite":27,"minecraft:deepslate_lapis_ore":12,"minecraft:grass":4,"minecraft:bookshelf":9,"minecraft:oak_log":6,"minecraft:coal_ore":3,"minecraft:deepslate_iron_ore":7,"minecraft:rail":1,"minecraft:gravel":8,"minecraft:dirt":25,"minecraft:cobweb":22,"minecraft:stone":145,"minecraft:gold_ore":9,"minecraft:oak_leaves":2,"minecraft:deepslate":40},"minecraft:killed":{"born_in_chaos_v1:fallen_chaos_knight":1,"minecraft:pig":2,"minecraft:spider":1,"born_in_chaos_v1:scarlet_persecutor":1,"born_in_chaos_v1:maggot":1,"minecraft:skeleton":2,"minecraft:zombie":2,"minecraft:llama":4,"minecraft:cow":2},"minecraft:custom":{"minecraft:interact_with_furnace":19,"minecraft:mob_kills":17,"minecraft:interact_with_crafting_table":14,"minecraft:interact_with_campfire":3,"minecraft:interact_with_stonecutter":1,"minecraft:damage_dealt_resisted":200,"minecraft:leave_game":6,"minecraft:time_since_death":80030,"minecraft:sleep_in_bed":4,"minecraft:climb_one_cm":649,"minecraft:time_since_rest":4490,"minecraft:sprint_one_cm":299639,"minecraft:damage_taken":1550,"minecraft:walk_one_cm":144249,"minecraft:damage_blocked_by_shield":1420,"minecraft:drop":9,"minecraft:damage_dealt":4260,"minecraft:swim_one_cm":39312,"minecraft:fly_one_cm":409971,"minecraft:open_chest":44,"minecraft:play_time":139119,"minecraft:crouch_one_cm":1504,"minecraft:sneak_time":944,"minecraft:deaths":3,"minecraft:walk_under_water_one_cm":11052,"minecraft:jump":1805,"minecraft:walk_on_water_one_cm":15832,"minecraft:total_world_time":139119,"minecraft:fall_one_cm":46336},"minecraft:dropped":{"minecraft:bone_meal":1,"minecraft:white_dye":6,"minecraft:bow":1,"born_in_chaos_v1:marigolds":1},"minecraft:broken":{"minecraft:iron_pickaxe":1},"minecraft:killed_by":{"born_in_chaos_v1:scarlet_persecutor":1,"alexsmobs:bison":1},"minecraft:picked_up":{"born_in_chaos_v1:corpse_maggot":1,"minecraft:charcoal":2,"born_in_chaos_v1:monster_flesh":2,"minecraft:andesite":27,"minecraft:leather":5,"minecraft:birch_planks":2,"minecraft:flint":1,"minecraft:tuff":5,"minecraft:oak_log":6,"born_in_chaos_v1:black_argillite":10,"minecraft:lapis_lazuli":82,"minecraft:dirt":51,"minecraft:string":22,"minecraft:raw_copper":7,"born_in_chaos_v1:marigolds":1,"minecraft:bone":3,"minecraft:bow":2,"minecraft:wheat_seeds":1,"minecraft:cobbled_deepslate":56,"minecraft:raw_gold":20,"minecraft:beef":5,"minecraft:calcite":1,"minecraft:poppy":1,"minecraft:sugar_cane":12,"minecraft:book":27,"minecraft:stick":4,"minecraft:raw_iron":20,"minecraft:torch":7,"born_in_chaos_v1:ethereal_spirit":1,"minecraft:gravel":7,"minecraft:porkchop":5,"minecraft:white_dye":3,"born_in_chaos_v1:fangofthe_hound_leader":3,"minecraft:diorite":23,"born_in_chaos_v1:pieceofdarkmetal":4,"minecraft:carrot":38,"minecraft:redstone":10,"minecraft:spider_eye":1,"minecraft:arrow":2,"minecraft:rotten_flesh":8,"minecraft:diamond":1,"minecraft:granite":7,"minecraft:oak_sapling":1,"minecraft:coal":3,"minecraft:rail":1,"minecraft:cobblestone":187},"minecraft:crafted":{"minecraft:cooked_beef":3,"minecraft:oak_planks":12,"minecraft:stone_shovel":1,"sophisticatedbackpacks:backpack":1,"minecraft:crafting_table":3,"minecraft:stone":116,"minecraft:bone_meal":9,"minecraft:birch_planks":40,"minecraft:stone_axe":1,"minecraft:bread":10,"minecraft:air":0,"minecraft:white_wool":3,"minecraft:shield":1,"minecraft:white_dye":8,"minecraft:stick":12,"minecraft:iron_ingot":6,"minecraft:iron_pickaxe":2,"minecraft:stone_pickaxe":1,"minecraft:white_bed":1,"minecraft:stone_sword":1,"minecraft:chest":1,"minecraft:redstone_torch":1,"minecraft:torch":4}},"DataVersion":3465}