{"stats":{"minecraft:dropped":{"born_in_chaos_v1:intoxicating_decoction":3,"born_in_chaos_v1:shattered_skull":5,"minecraft:wheat_seeds":9,"minecraft:light_gray_stained_glass_pane":7,"minecraft:iron_helmet":1,"minecraft:cobblestone":52,"minecraft:leather":1,"born_in_chaos_v1:pieceofdarkmetal":1,"graveyard:bone_dagger":2,"born_in_chaos_v1:nightmare_claw":2,"minecraft:pufferfish":2,"minecraft:deepslate_brick_stairs":1,"minecraft:dirt":78,"born_in_chaos_v1:anluka_doors":2,"born_in_chaos_v1:gnawed_bones":3,"born_in_chaos_v1:river_mint":7,"minecraft:golden_carrot":3,"born_in_chaos_v1:monster_skin":2,"minecraft:mutton":2,"gravestone:obituary":8,"born_in_chaos_v1:trident_hayfork":1,"minecraft:white_wool":4,"minecraft:cooked_chicken":1,"minecraft:stone_shovel":1,"born_in_chaos_v1:ethereal_spirit":3,"minecraft:rotten_flesh":6,"minecraft:cooked_mutton":5,"minecraft:spruce_fence":1,"minecraft:glass_pane":7,"minecraft:carrot":1,"minecraft:oak_boat":1,"minecraft:chest":1,"minecraft:spider_eye":1,"minecraft:glass":6,"minecraft:iron_bars":3,"minecraft:purple_candle":1,"minecraft:stone_pickaxe":2,"minecraft:lectern":1},"minecraft:killed":{"born_in_chaos_v1:zombie_clown":1,"born_in_chaos_v1:mr_pumpkin":1,"born_in_chaos_v1:restless_spirit":1,"born_in_chaos_v1:skeleton_demoman":1,"minecraft:spider":1,"minecraft:zombie_horse":1,"born_in_chaos_v1:zombie_bruiser":1,"born_in_chaos_v1:scarlet_persecutor":3,"born_in_chaos_v1:maggot":9,"minecraft:skeleton":1,"born_in_chaos_v1:dire_hound_leader":1,"graveyard:acolyte":6,"minecraft:chicken":13,"born_in_chaos_v1:firelight_not_despawn":2,"minecraft:pig":6,"born_in_chaos_v1:decrepit_skeleton":2,"minecraft:sheep":6,"minecraft:trader_llama":1,"minecraft:pillager":1,"minecraft:zombie":12,"born_in_chaos_v1:dread_hound":4,"born_in_chaos_v1:corpse_fly":3,"born_in_chaos_v1:nightmare_stalker":1,"born_in_chaos_v1:door_knight":3,"minecraft:cow":17},"minecraft:killed_by":{"minecraft:player":5,"born_in_chaos_v1:siamese_skeletons":1,"minecraft:zombie":3,"born_in_chaos_v1:scarlet_persecutor":3},"minecraft:mined":{"graveyard:torso_pile":1,"minecraft:light_gray_stained_glass_pane":1,"minecraft:white_bed":6,"minecraft:oak_door":2,"minecraft:stripped_birch_log":1,"gravestone:gravestone":11,"minecraft:grass_block":1125,"minecraft:spruce_fence":2,"minecraft:white_concrete":2,"minecraft:spruce_leaves":3,"minecraft:birch_slab":7,"minecraft:oxeye_daisy":64,"minecraft:white_concrete_powder":10,"minecraft:furnace":5,"minecraft:carrots":93,"minecraft:iron_ore":6,"minecraft:fire":1,"minecraft:stripped_spruce_log":1,"minecraft:pumpkin":8,"minecraft:azure_bluet":23,"minecraft:oak_stairs":1,"minecraft:iron_bars":2,"minecraft:lantern":2,"minecraft:black_candle":1,"minecraft:stripped_oak_log":1,"minecraft:stone":729,"minecraft:bone_block":3,"minecraft:birch_stairs":3,"minecraft:soul_lantern":5,"minecraft:light_gray_concrete_powder":41,"minecraft:crafting_table":4,"minecraft:torch":56,"minecraft:chest":1,"born_in_chaos_v1:black_argillite_column_slab":4,"minecraft:copper_ore":3,"minecraft:tall_grass":1,"minecraft:cobblestone":31,"minecraft:oak_planks":235,"minecraft:wall_torch":55,"minecraft:birch_planks":119,"graveyard:oak_coffin":1,"minecraft:dark_oak_door":1,"minecraft:birch_log":197,"minecraft:spruce_log":7,"minecraft:birch_leaves":12,"minecraft:grass":19,"minecraft:coal_ore":202,"minecraft:oak_log":788,"minecraft:gravel":591,"minecraft:dirt":419,"minecraft:sand":632,"minecraft:polished_blackstone":1,"minecraft:oak_leaves":52,"minecraft:birch_fence":7},"minecraft:custom":{"minecraft:mob_kills":98,"minecraft:interact_with_crafting_table":74,"minecraft:open_barrel":5,"minecraft:damage_dealt_resisted":697,"minecraft:leave_game":10,"minecraft:time_since_death":70875,"minecraft:climb_one_cm":19783,"minecraft:walk_one_cm":2086722,"minecraft:sprint_one_cm":2979831,"minecraft:drop":93,"minecraft:damage_dealt_absorbed":76,"minecraft:talked_to_villager":3,"minecraft:play_time":743956,"minecraft:deaths":12,"minecraft:sneak_time":33922,"minecraft:walk_under_water_one_cm":6802,"minecraft:boat_one_cm":52535,"minecraft:jump":12676,"minecraft:walk_on_water_one_cm":43379,"minecraft:total_world_time":743956,"minecraft:interact_with_furnace":66,"minecraft:sleep_in_bed":47,"minecraft:time_since_rest":11488,"minecraft:damage_taken":7097,"minecraft:damage_dealt":16275,"minecraft:player_kills":6,"minecraft:swim_one_cm":49791,"minecraft:fly_one_cm":3045735,"minecraft:open_chest":122,"minecraft:crouch_one_cm":131998,"minecraft:fall_one_cm":294016},"minecraft:used":{"minecraft:stone_sword":205,"minecraft:light_gray_stained_glass_pane":41,"minecraft:stone_shovel":2779,"minecraft:chest":3,"minecraft:white_concrete_powder":158,"minecraft:cooked_chicken":7,"graveyard:oak_coffin":1,"minecraft:oak_door":3,"minecraft:torch":278,"minecraft:dirt":1337,"minecraft:carrot":284,"minecraft:oak_stairs":1,"minecraft:golden_carrot":6,"minecraft:oak_sapling":17,"minecraft:furnace":6,"minecraft:cooked_beef":35,"minecraft:cooked_mutton":4,"minecraft:water_bucket":333,"minecraft:birch_planks":526,"minecraft:stone_pickaxe":962,"minecraft:oak_planks":1909,"minecraft:wooden_pickaxe":52,"minecraft:crafting_table":8,"minecraft:white_bed":4,"minecraft:light_gray_concrete_powder":653,"minecraft:spruce_log":1,"minecraft:birch_fence":37,"minecraft:oak_log":377,"minecraft:apple":5,"minecraft:birch_slab":51,"minecraft:bread":2,"minecraft:spruce_sapling":1,"minecraft:stone_axe":2054,"minecraft:cobblestone":66,"minecraft:potion":1,"minecraft:wooden_sword":14,"born_in_chaos_v1:wood_splitter_axe":1,"minecraft:bucket":334,"minecraft:birch_log":6,"minecraft:oak_boat":2,"minecraft:stripped_oak_log":1,"minecraft:white_concrete":2,"minecraft:birch_stairs":17},"minecraft:crafted":{"minecraft:light_gray_concrete_powder":616,"minecraft:oak_door":3,"minecraft:oak_planks":1759,"minecraft:stone_shovel":20,"minecraft:cooked_chicken":8,"minecraft:birch_slab":42,"minecraft:furnace":1,"minecraft:bone_meal":189,"minecraft:glass_pane":64,"minecraft:cooked_mutton":4,"minecraft:glass":91,"minecraft:white_concrete_powder":248,"minecraft:stone_pickaxe":8,"minecraft:chest":2,"minecraft:cooked_beef":34,"minecraft:crafting_table":5,"minecraft:spruce_planks":8,"minecraft:birch_planks":548,"minecraft:stone_axe":16,"minecraft:air":0,"minecraft:oak_boat":1,"minecraft:white_dye":132,"minecraft:birch_fence":36,"minecraft:stick":176,"minecraft:iron_ingot":1,"minecraft:stone_sword":1,"minecraft:light_gray_dye":86,"minecraft:torch":236,"minecraft:birch_stairs":36,"minecraft:light_gray_stained_glass_pane":48},"minecraft:picked_up":{"minecraft:wooden_axe":1,"minecraft:crafting_table":3,"minecraft:black_carpet":4,"minecraft:azure_bluet":23,"minecraft:chainmail_boots":1,"minecraft:chicken":16,"born_in_chaos_v1:river_mint":7,"minecraft:brown_mushroom":2,"minecraft:lead":1,"minecraft:wooden_pickaxe":1,"minecraft:oak_stairs":1,"minecraft:potion":1,"gravestone:obituary":12,"minecraft:string":1,"minecraft:raw_copper":12,"minecraft:wooden_sword":3,"born_in_chaos_v1:intoxicating_decoction":6,"minecraft:pufferfish":2,"minecraft:birch_fence":7,"graveyard:corruption":3,"minecraft:beef":34,"minecraft:oak_boat":3,"born_in_chaos_v1:gnawed_bones":3,"minecraft:lectern":1,"minecraft:chest":2,"minecraft:birch_sapling":5,"minecraft:spruce_trapdoor":1,"minecraft:furnace":5,"minecraft:dark_oak_door":1,"minecraft:stick":25,"minecraft:raw_iron":6,"born_in_chaos_v1:shattered_skull":6,"minecraft:oak_door":3,"minecraft:torch":124,"minecraft:spruce_fence":1,"minecraft:porkchop":11,"minecraft:white_dye":3,"minecraft:cherry_log":2,"born_in_chaos_v1:nightmare_claw":3,"born_in_chaos_v1:pieceofdarkmetal":10,"minecraft:carrot":338,"minecraft:light_gray_stained_glass_pane":7,"minecraft:stone_sword":1,"minecraft:arrow":5,"minecraft:stone_shovel":2,"minecraft:rotten_flesh":52,"born_in_chaos_v1:wood_splitter_axe":1,"minecraft:shears":1,"minecraft:polished_blackstone":2,"born_in_chaos_v1:trident_hayfork":1,"minecraft:deepslate_brick_stairs":2,"minecraft:mutton":13,"minecraft:iron_bars":3,"minecraft:bone_block":4,"minecraft:white_wool":6,"minecraft:cobblestone":727,"minecraft:stripped_oak_log":1,"minecraft:oxeye_daisy":64,"minecraft:birch_log":319,"born_in_chaos_v1:staffof_magic_arrows":1,"born_in_chaos_v1:corpse_maggot":8,"born_in_chaos_v1:black_argillite_column_slab":4,"minecraft:feather":20,"minecraft:cooked_beef":1,"born_in_chaos_v1:monster_flesh":6,"minecraft:golden_carrot":9,"minecraft:birch_slab":9,"minecraft:leather":20,"minecraft:birch_planks":117,"minecraft:flint":53,"minecraft:oak_log":810,"born_in_chaos_v1:anluka_doors":2,"minecraft:gunpowder":3,"minecraft:stripped_birch_log":1,"minecraft:dirt":1304,"minecraft:lantern":3,"minecraft:light_gray_concrete_powder":41,"born_in_chaos_v1:monster_skin":12,"minecraft:cooked_mutton":5,"minecraft:leather_boots":1,"minecraft:glass":6,"minecraft:bone":15,"minecraft:apple":8,"minecraft:gray_carpet":3,"minecraft:wheat_seeds":11,"minecraft:iron_ingot":3,"minecraft:stone_pickaxe":3,"minecraft:glowstone_dust":2,"minecraft:oak_planks":224,"minecraft:black_candle":3,"minecraft:pumpkin":8,"graveyard:bone_dagger":2,"born_in_chaos_v1:ethereal_spirit":4,"minecraft:dandelion":1,"minecraft:gravel":534,"minecraft:birch_stairs":3,"minecraft:sand":618,"minecraft:stripped_spruce_log":1,"minecraft:spruce_sapling":1,"minecraft:white_bed":4,"minecraft:spruce_log":11,"minecraft:spider_eye":1,"alexsmobs:animal_dictionary":1,"graveyard:oak_coffin":1,"minecraft:white_concrete_powder":10,"born_in_chaos_v1:fire_dust":2,"minecraft:stone_axe":1,"minecraft:soul_lantern":1,"minecraft:bone_meal":1,"minecraft:white_concrete":2,"minecraft:oak_sapling":18,"born_in_chaos_v1:rotten_fish":5,"born_in_chaos_v1:sea_terror_stomach":1,"minecraft:coal":272,"minecraft:ender_pearl":1},"minecraft:broken":{"minecraft:stone_sword":1,"minecraft:wooden_pickaxe":1,"minecraft:stone_pickaxe":7,"minecraft:stone_axe":16,"minecraft:stone_shovel":20}},"DataVersion":3465}