{"stats":{"minecraft:dropped":{"born_in_chaos_v1:intoxicating_decoction":3,"born_in_chaos_v1:shattered_skull":1,"minecraft:wheat_seeds":4,"minecraft:cobblestone":20,"born_in_chaos_v1:gnawed_bones":1,"born_in_chaos_v1:anluka_doors":2,"born_in_chaos_v1:river_mint":7,"minecraft:golden_carrot":3,"minecraft:mutton":2,"gravestone:obituary":6,"minecraft:cooked_chicken":1,"minecraft:cooked_mutton":5,"minecraft:stone_pickaxe":1},"minecraft:killed":{"born_in_chaos_v1:zombie_clown":1,"born_in_chaos_v1:restless_spirit":1,"born_in_chaos_v1:skeleton_demoman":1,"born_in_chaos_v1:zombie_bruiser":1,"born_in_chaos_v1:maggot":2,"minecraft:chicken":5,"born_in_chaos_v1:firelight_not_despawn":2,"minecraft:pig":5,"born_in_chaos_v1:decrepit_skeleton":1,"minecraft:sheep":2,"minecraft:pillager":1,"minecraft:zombie":3,"born_in_chaos_v1:corpse_fly":3,"minecraft:cow":5},"minecraft:killed_by":{"minecraft:player":4,"minecraft:zombie":3},"minecraft:mined":{"minecraft:white_bed":1,"minecraft:oak_door":2,"gravestone:gravestone":6,"minecraft:grass_block":100,"minecraft:birch_slab":7,"minecraft:furnace":5,"minecraft:iron_ore":1,"minecraft:black_candle":1,"minecraft:stone":123,"minecraft:bone_block":2,"minecraft:birch_stairs":3,"minecraft:crafting_table":3,"minecraft:torch":8,"minecraft:chest":1,"born_in_chaos_v1:black_argillite_column_slab":4,"minecraft:cobblestone":16,"minecraft:copper_ore":3,"minecraft:oak_planks":190,"minecraft:wall_torch":12,"minecraft:birch_planks":119,"graveyard:oak_coffin":1,"minecraft:birch_log":173,"minecraft:spruce_log":2,"minecraft:birch_leaves":7,"minecraft:grass":7,"minecraft:coal_ore":68,"minecraft:oak_log":72,"minecraft:sand":64,"minecraft:dirt":38,"minecraft:oak_leaves":5,"minecraft:birch_fence":7},"minecraft:custom":{"minecraft:mob_kills":33,"minecraft:interact_with_crafting_table":17,"minecraft:open_barrel":5,"minecraft:damage_dealt_resisted":656,"minecraft:leave_game":5,"minecraft:time_since_death":170916,"minecraft:climb_one_cm":1257,"minecraft:sprint_one_cm":793818,"minecraft:walk_one_cm":623706,"minecraft:drop":46,"minecraft:damage_dealt_absorbed":76,"minecraft:play_time":199337,"minecraft:deaths":7,"minecraft:sneak_time":11846,"minecraft:walk_under_water_one_cm":2241,"minecraft:jump":2928,"minecraft:walk_on_water_one_cm":2629,"minecraft:total_world_time":199337,"minecraft:interact_with_furnace":27,"minecraft:sleep_in_bed":6,"minecraft:time_since_rest":51950,"minecraft:damage_taken":2788,"minecraft:damage_dealt":6501,"minecraft:swim_one_cm":530,"minecraft:player_kills":6,"minecraft:fly_one_cm":659111,"minecraft:open_chest":2,"minecraft:crouch_one_cm":43383,"minecraft:fall_one_cm":64047},"minecraft:used":{"minecraft:stone_sword":143,"minecraft:stone_shovel":198,"minecraft:chest":3,"minecraft:cooked_chicken":3,"minecraft:oak_door":3,"minecraft:torch":75,"minecraft:dirt":131,"minecraft:carrot":1,"minecraft:golden_carrot":1,"minecraft:furnace":6,"minecraft:oak_sapling":1,"minecraft:cooked_beef":13,"minecraft:cooked_mutton":4,"minecraft:birch_planks":526,"minecraft:stone_pickaxe":226,"minecraft:oak_planks":406,"minecraft:crafting_table":4,"minecraft:white_bed":1,"minecraft:birch_fence":35,"minecraft:apple":5,"minecraft:birch_slab":51,"minecraft:stone_axe":624,"minecraft:wooden_sword":14,"minecraft:cobblestone":59,"minecraft:birch_stairs":16},"minecraft:crafted":{"minecraft:oak_door":3,"minecraft:oak_planks":272,"minecraft:stone_shovel":1,"minecraft:cooked_chicken":4,"minecraft:birch_slab":42,"minecraft:furnace":1,"minecraft:cooked_mutton":4,"minecraft:glass":64,"minecraft:stone_pickaxe":2,"minecraft:chest":2,"minecraft:cooked_beef":13,"minecraft:crafting_table":2,"minecraft:spruce_planks":8,"minecraft:birch_planks":536,"minecraft:stone_axe":4,"minecraft:air":0,"minecraft:birch_fence":33,"minecraft:stick":44,"minecraft:stone_sword":1,"minecraft:torch":52,"minecraft:birch_stairs":32},"minecraft:picked_up":{"minecraft:crafting_table":2,"minecraft:chicken":8,"born_in_chaos_v1:river_mint":7,"minecraft:wooden_pickaxe":1,"gravestone:obituary":12,"minecraft:raw_copper":12,"minecraft:wooden_sword":3,"born_in_chaos_v1:intoxicating_decoction":4,"minecraft:birch_fence":7,"minecraft:beef":13,"born_in_chaos_v1:gnawed_bones":1,"minecraft:chest":1,"minecraft:birch_sapling":1,"minecraft:furnace":5,"minecraft:stick":6,"minecraft:raw_iron":1,"born_in_chaos_v1:shattered_skull":1,"minecraft:oak_door":3,"minecraft:torch":37,"minecraft:porkchop":11,"born_in_chaos_v1:nightmare_claw":1,"born_in_chaos_v1:pieceofdarkmetal":5,"minecraft:carrot":3,"minecraft:stone_sword":1,"minecraft:stone_shovel":1,"minecraft:rotten_flesh":7,"minecraft:mutton":6,"minecraft:white_wool":2,"minecraft:bone_block":3,"minecraft:cobblestone":141,"minecraft:birch_log":187,"born_in_chaos_v1:corpse_maggot":2,"born_in_chaos_v1:black_argillite_column_slab":4,"minecraft:feather":12,"minecraft:golden_carrot":4,"minecraft:birch_slab":9,"minecraft:leather":7,"minecraft:birch_planks":117,"minecraft:oak_log":87,"born_in_chaos_v1:anluka_doors":2,"minecraft:gunpowder":2,"minecraft:dirt":135,"minecraft:cooked_mutton":5,"minecraft:leather_boots":1,"minecraft:bone":2,"minecraft:apple":5,"minecraft:wheat_seeds":4,"minecraft:stone_pickaxe":2,"minecraft:oak_planks":179,"minecraft:black_candle":3,"minecraft:birch_stairs":3,"minecraft:sand":64,"minecraft:white_bed":1,"minecraft:spruce_log":2,"alexsmobs:animal_dictionary":1,"graveyard:oak_coffin":1,"born_in_chaos_v1:fire_dust":2,"minecraft:stone_axe":1,"minecraft:oak_sapling":1,"minecraft:coal":133},"minecraft:broken":{"minecraft:stone_pickaxe":1,"minecraft:stone_axe":4,"minecraft:stone_shovel":1}},"DataVersion":3465}