{"stats":{"minecraft:used":{"minecraft:stone_sword":159,"minecraft:stone_shovel":198,"minecraft:chest":3,"minecraft:cooked_chicken":3,"graveyard:oak_coffin":1,"minecraft:oak_door":3,"minecraft:torch":83,"minecraft:dirt":131,"minecraft:carrot":2,"minecraft:golden_carrot":4,"minecraft:furnace":6,"minecraft:oak_sapling":1,"minecraft:cooked_beef":17,"minecraft:cooked_mutton":4,"minecraft:birch_planks":526,"minecraft:stone_pickaxe":247,"minecraft:oak_planks":406,"minecraft:crafting_table":5,"minecraft:white_bed":1,"minecraft:birch_fence":35,"minecraft:apple":5,"minecraft:birch_slab":51,"minecraft:stone_axe":680,"minecraft:wooden_sword":14,"minecraft:cobblestone":59,"minecraft:potion":1,"minecraft:birch_log":5,"minecraft:oak_boat":1,"minecraft:birch_stairs":16},"minecraft:mined":{"minecraft:white_bed":1,"minecraft:oak_door":2,"gravestone:gravestone":6,"minecraft:grass_block":100,"minecraft:spruce_fence":2,"minecraft:birch_slab":7,"minecraft:furnace":5,"minecraft:iron_ore":1,"minecraft:iron_bars":2,"minecraft:lantern":2,"minecraft:black_candle":1,"minecraft:stone":131,"minecraft:bone_block":3,"minecraft:birch_stairs":3,"minecraft:soul_lantern":5,"minecraft:crafting_table":3,"minecraft:torch":10,"minecraft:chest":1,"born_in_chaos_v1:black_argillite_column_slab":4,"minecraft:copper_ore":3,"minecraft:cobblestone":16,"minecraft:oak_planks":190,"minecraft:wall_torch":12,"minecraft:birch_planks":119,"graveyard:oak_coffin":1,"minecraft:birch_log":197,"minecraft:spruce_log":2,"minecraft:birch_leaves":10,"minecraft:grass":7,"minecraft:oak_log":72,"minecraft:coal_ore":68,"minecraft:sand":64,"minecraft:dirt":38,"minecraft:polished_blackstone":1,"minecraft:oak_leaves":5,"minecraft:birch_fence":7},"minecraft:killed":{"born_in_chaos_v1:zombie_clown":1,"born_in_chaos_v1:mr_pumpkin":1,"born_in_chaos_v1:restless_spirit":1,"born_in_chaos_v1:skeleton_demoman":1,"born_in_chaos_v1:zombie_bruiser":1,"born_in_chaos_v1:maggot":2,"graveyard:acolyte":6,"minecraft:chicken":9,"born_in_chaos_v1:firelight_not_despawn":2,"minecraft:pig":5,"born_in_chaos_v1:decrepit_skeleton":1,"minecraft:sheep":6,"minecraft:pillager":1,"minecraft:zombie":4,"born_in_chaos_v1:corpse_fly":3,"minecraft:cow":8},"minecraft:custom":{"minecraft:mob_kills":52,"minecraft:interact_with_crafting_table":19,"minecraft:open_barrel":5,"minecraft:damage_dealt_resisted":656,"minecraft:leave_game":6,"minecraft:time_since_death":217781,"minecraft:climb_one_cm":5082,"minecraft:sprint_one_cm":1018906,"minecraft:walk_one_cm":754785,"minecraft:drop":47,"minecraft:damage_dealt_absorbed":76,"minecraft:talked_to_villager":2,"minecraft:play_time":246202,"minecraft:deaths":7,"minecraft:sneak_time":13228,"minecraft:walk_under_water_one_cm":4197,"minecraft:boat_one_cm":47765,"minecraft:jump":3635,"minecraft:walk_on_water_one_cm":13772,"minecraft:total_world_time":246202,"minecraft:interact_with_furnace":34,"minecraft:sleep_in_bed":7,"minecraft:time_since_rest":34689,"minecraft:damage_taken":3383,"minecraft:damage_dealt":8371,"minecraft:swim_one_cm":16153,"minecraft:fly_one_cm":805778,"minecraft:player_kills":6,"minecraft:open_chest":3,"minecraft:crouch_one_cm":46670,"minecraft:fall_one_cm":76154},"minecraft:dropped":{"born_in_chaos_v1:intoxicating_decoction":3,"born_in_chaos_v1:shattered_skull":1,"minecraft:wheat_seeds":4,"minecraft:cobblestone":20,"born_in_chaos_v1:anluka_doors":2,"born_in_chaos_v1:gnawed_bones":1,"born_in_chaos_v1:river_mint":7,"minecraft:golden_carrot":3,"minecraft:mutton":2,"gravestone:obituary":6,"minecraft:cooked_chicken":1,"minecraft:cooked_mutton":5,"minecraft:chest":1,"minecraft:stone_pickaxe":1},"minecraft:broken":{"minecraft:stone_sword":1,"minecraft:stone_pickaxe":1,"minecraft:stone_axe":5,"minecraft:stone_shovel":1},"minecraft:killed_by":{"minecraft:player":4,"minecraft:zombie":3},"minecraft:crafted":{"minecraft:oak_door":3,"minecraft:oak_planks":272,"minecraft:stone_shovel":1,"minecraft:cooked_chicken":4,"minecraft:birch_slab":42,"minecraft:furnace":1,"minecraft:cooked_mutton":4,"minecraft:glass":64,"minecraft:stone_pickaxe":3,"minecraft:chest":2,"minecraft:cooked_beef":17,"minecraft:crafting_table":3,"minecraft:spruce_planks":8,"minecraft:birch_planks":536,"minecraft:stone_axe":5,"minecraft:air":0,"minecraft:birch_fence":33,"minecraft:stick":48,"minecraft:stone_sword":1,"minecraft:torch":52,"minecraft:birch_stairs":32},"minecraft:picked_up":{"minecraft:crafting_table":3,"minecraft:black_carpet":4,"minecraft:chicken":12,"born_in_chaos_v1:river_mint":7,"minecraft:wooden_pickaxe":1,"minecraft:potion":1,"gravestone:obituary":12,"minecraft:raw_copper":12,"minecraft:wooden_sword":3,"born_in_chaos_v1:intoxicating_decoction":4,"minecraft:birch_fence":7,"graveyard:corruption":3,"minecraft:beef":17,"minecraft:oak_boat":1,"born_in_chaos_v1:gnawed_bones":1,"minecraft:lectern":1,"minecraft:chest":2,"minecraft:birch_sapling":5,"minecraft:spruce_trapdoor":1,"minecraft:furnace":5,"minecraft:stick":12,"minecraft:raw_iron":1,"born_in_chaos_v1:shattered_skull":1,"minecraft:oak_door":3,"minecraft:torch":41,"minecraft:spruce_fence":1,"minecraft:porkchop":11,"minecraft:carrot":3,"born_in_chaos_v1:nightmare_claw":1,"born_in_chaos_v1:pieceofdarkmetal":5,"minecraft:stone_sword":1,"minecraft:rotten_flesh":7,"minecraft:stone_shovel":1,"minecraft:polished_blackstone":2,"minecraft:deepslate_brick_stairs":1,"minecraft:mutton":13,"minecraft:iron_bars":3,"minecraft:bone_block":4,"minecraft:white_wool":6,"minecraft:cobblestone":149,"minecraft:birch_log":319,"born_in_chaos_v1:corpse_maggot":6,"born_in_chaos_v1:black_argillite_column_slab":4,"minecraft:feather":16,"minecraft:golden_carrot":9,"minecraft:birch_slab":9,"minecraft:leather":10,"minecraft:birch_planks":117,"minecraft:oak_log":87,"born_in_chaos_v1:anluka_doors":2,"minecraft:gunpowder":2,"minecraft:dirt":135,"minecraft:lantern":3,"minecraft:leather_boots":1,"minecraft:cooked_mutton":5,"minecraft:bone":2,"minecraft:apple":5,"minecraft:gray_carpet":3,"minecraft:wheat_seeds":4,"minecraft:stone_pickaxe":2,"minecraft:oak_planks":179,"minecraft:black_candle":3,"graveyard:bone_dagger":1,"minecraft:sand":64,"minecraft:birch_stairs":3,"minecraft:white_bed":1,"minecraft:spruce_log":2,"alexsmobs:animal_dictionary":1,"graveyard:oak_coffin":1,"born_in_chaos_v1:fire_dust":2,"minecraft:soul_lantern":1,"minecraft:stone_axe":1,"born_in_chaos_v1:rotten_fish":1,"minecraft:oak_sapling":1,"born_in_chaos_v1:sea_terror_stomach":1,"minecraft:coal":133}},"DataVersion":3465}