{
  "minecraft:recipes/decorations/crafting_table": {
    "criteria": {
      "unlock_right_away": "2024-05-12 23:27:26 +0000"
    },
    "done": true
  },
  "minecraft:adventure/adventuring_time": {
    "criteria": {
      "minecraft:river": "2024-05-13 03:02:48 +0000",
      "minecraft:swamp": "2024-05-12 23:27:27 +0000",
      "minecraft:forest": "2024-05-13 03:02:47 +0000",
      "minecraft:windswept_gravelly_hills": "2024-05-13 03:02:42 +0000",
      "minecraft:plains": "2024-05-13 03:02:44 +0000"
    },
    "done": false
  },
  "DataVersion": 3465
}